RowID,Suspicion_Score,summary,ProcessName,EventID,Timestamp,SubjectUserName,TargetUserName,ParentProcessName,CommandLine
1,1,Process creation event with missing critical data,,4688,2026-04-18 16:59:57.561752+00:00,-,-,,
2,1,Credential manager event with missing process details,,4696,2026-04-18 16:59:57.561880+00:00,-,-,,
3,1,Clipboard event with missing process information,,4826,2026-04-18 16:59:57.561886+00:00,-,,,
4,1,Process creation event with missing critical data,,4688,2026-04-18 16:59:57.573570+00:00,-,-,,
17,3,Anonymous logon to SYSTEM account detected,,4627,2026-04-18 16:59:59.538786+00:00,ANONYMOUS LOGON,SYSTEM,,
83,7,Upfc.exe with suspicious launchtype boot parameter,,4688,2026-04-18 17:00:01.833189+00:00,DESKTOP-7CV8A7M$,-,C:\Windows\System32\services.exe,C:\WINDOWS\System32\Upfc.exe /launchtype boot /cv v/EzVqK6F0+8PY+pA6p9lg.0
106,3,Process creation missing parent and command details,,4688,2026-04-18 17:00:02.628826+00:00,DESKTOP-7CV8A7M$,-,,
136,3,Unusual QuitInfo parameter from svchost process,,4688,2026-04-18 17:00:06.143677+00:00,DESKTOP-7CV8A7M$,-,C:\Windows\System32\svchost.exe,/QuitInfo:00000000000002A4;00000000000002A8; 
141,2,taskhostw.exe spawned from svchost unusual,,4688,2026-04-18 17:00:06.452986+00:00,DESKTOP-7CV8A7M$,LOCAL SERVICE,C:\Windows\System32\svchost.exe,taskhostw.exe TimeSyncTask
142,2,ClipRenew.exe spawned from svchost unusual,,4688,2026-04-18 17:00:06.663021+00:00,DESKTOP-7CV8A7M$,-,C:\Windows\System32\svchost.exe,"""C:\WINDOWS\system32\ClipRenew.exe"" -e"
194,13,svchost using suspicious email credential pizzahuthacker@gmail.com,C:\Windows\System32\svchost.exe,4648,2026-04-18 17:00:11.216093+00:00,DESKTOP-7CV8A7M$,pizzahuthacker@gmail.com,,
195,13,Login with suspicious email pizzahuthacker@gmail.com,C:\Windows\System32\svchost.exe,4624,2026-04-18 17:00:11.216116+00:00,DESKTOP-7CV8A7M$,pizzahuthacker@gmail.com,,
203,13,lsass using suspicious email credential pizzahuthacker@gmail.com,C:\Windows\System32\lsass.exe,4648,2026-04-18 17:00:11.327969+00:00,DESKTOP-7CV8A7M$,pizzahuthacker@gmail.com,,
204,13,Login with suspicious email pizzahuthacker@gmail.com,C:\Windows\System32\lsass.exe,4624,2026-04-18 17:00:11.327995+00:00,DESKTOP-7CV8A7M$,pizzahuthacker@gmail.com,,
218,7,webthreatdefusersvc running as pizza user,,4688,2026-04-18 17:00:11.922628+00:00,DESKTOP-7CV8A7M$,pizza,C:\Windows\System32\services.exe,C:\WINDOWS\system32\svchost.exe -k LocalSystemNetworkRestricted -p -s webthreatdefusersvc
250,4,SLUI.exe with complex activation parameters,,4688,2026-04-18 17:00:16.243160+00:00,DESKTOP-7CV8A7M$,-,C:\Windows\System32\SppExtComObj.Exe,"""C:\WINDOWS\System32\SLUI.exe"" RuleId=31e71c49-8da7-4a2f-ad92-45d98a1c79ba;Action=AutoActivate;AppId=55c92734-d682-4d71-983e-d6ec3f16059f;SkuId=2b1f36bb-c1cd-4306-bf5c-a0367c2d97d8;NotificationInterval=1440;Trigger=UserLogon;SessionId=1"
251,3,slui.exe spawned from svchost with embedding,,4688,2026-04-18 17:00:16.444477+00:00,DESKTOP-7CV8A7M$,pizza,C:\Windows\System32\svchost.exe,C:\WINDOWS\System32\slui.exe -Embedding
253,3,MicrosoftEdgeUpdate.exe with installation parameters,,4688,2026-04-18 17:00:16.806320+00:00,DESKTOP-7CV8A7M$,-,C:\Program Files (x86)\Microsoft\EdgeUpdate\MicrosoftEdgeUpdate.exe,"""C:\Program Files (x86)\Microsoft\EdgeUpdate\MicrosoftEdgeUpdate.exe"" /ua /installsource core"
260,3,MicrosoftEdgeUpdate.exe spawned as service,,4688,2026-04-18 17:00:17.923391+00:00,DESKTOP-7CV8A7M$,-,C:\Windows\System32\services.exe,"""C:\Program Files (x86)\Microsoft\EdgeUpdate\MicrosoftEdgeUpdate.exe"" /svc"
284,3,rundll32.exe with AppXDeploymentExtensions parameter,,4688,2026-04-18 17:00:21.554434+00:00,DESKTOP-7CV8A7M$,pizza,C:\Windows\System32\svchost.exe,"C:\WINDOWS\system32\rundll32.exe C:\WINDOWS\system32\AppXDeploymentExtensions.OneCore.dll,ShellRefresh"
295,3,EdgeWebView2 launched from SearchHost process,,4688,2026-04-18 17:00:27.069168+00:00,pizza,-,C:\Windows\SystemApps\MicrosoftWindows.Client.CBS_cw5n1h2txyewy\SearchHost.exe,"""C:\Program Files (x86)\Microsoft\EdgeWebView\Application\147.0.3912.72\msedgewebview2.exe"" --embedded-browser-webview=1 --webview-exe-name=SearchHost.exe --webview-exe-version=2126.5604.40.0 --user-data-dir=""C:\Users\pizza\AppData\Local\Packages\MicrosoftWindows.Client.CBS_cw5n1h2txyewy\LocalState\EBWebView"" --noerrdialogs --disable-features=msSmartScreenProtection --edge-webview-enable-mojo-ipcz --enable-features=msEdgeFluentOverlayScrollbar --user-agent=""Mozilla/5.0 (Windows NT 10.0; Win64; x64; Cortana 1.18.9.23723; 10.0.0.0.26200.8246) AppleWebKit/537.36 (KHTML, like Gecko) Chrome/70.0.3538.102 Safari/537.36 Edge/18.26200 IsWebView2/True (WebView2Version 147.0.3912.72)"" --lang=en-US --mojo-named-platform-channel-pipe=5312.5796.3239218158531458364 /pfhostedapp:71605ac00f46126b891160bd09c966621e306630"
298,2,SLUI Windows activation process execution,,4688,2026-04-18 17:00:27.929251+00:00,DESKTOP-7CV8A7M$,-,C:\Windows\System32\SppExtComObj.Exe,"""C:\WINDOWS\System32\SLUI.exe"" RuleId=31e71c49-8da7-4a2f-ad92-45d98a1c79ba;Action=AutoActivate;AppId=55c92734-d682-4d71-983e-d6ec3f16059f;SkuId=2b1f36bb-c1cd-4306-bf5c-a0367c2d97d8;NotificationInterval=1440;Trigger=NetworkAvailable"
337,2,Suspicious QuitInfo command line parameter,,4688,2026-04-18 17:00:37.456366+00:00,DESKTOP-7CV8A7M$,pizza,C:\Windows\System32\svchost.exe,/QuitInfo:0000000000000320;0000000000000324; 
343,2,Group membership change Administrators,,4799,2026-04-18 17:00:38.450624+00:00,DESKTOP-7CV8A7M$,Administrators,,
373,3,SearchHost spawned by svchost with user context,,4688,2026-04-18 17:00:45.327946+00:00,DESKTOP-7CV8A7M$,pizza,C:\Windows\System32\svchost.exe,"""C:\WINDOWS\SystemApps\MicrosoftWindows.Client.CBS_cw5n1h2txyewy\SearchHost.exe"" -ServerName:CortanaUI.AppXstmwaab17q5s3y22tp6apqz7a45vwv65.mca"
400,3,BdeUISrv spawned by svchost,,4688,2026-04-18 17:00:53.157955+00:00,DESKTOP-7CV8A7M$,pizza,C:\Windows\System32\svchost.exe,C:\WINDOWS\System32\BdeUISrv.exe -Embedding
403,3,BackgroundTransferHost spawned by svchost,,4688,2026-04-18 17:00:53.851278+00:00,DESKTOP-7CV8A7M$,pizza,C:\Windows\System32\svchost.exe,"""BackgroundTransferHost.exe"" -ServerName:BackgroundTransferHost.1"
406,4,User added to Administrators group,,4799,2026-04-18 17:00:56.273457+00:00,pizza,Administrators,,
408,3,BackgroundTaskHost spawned by svchost,,4688,2026-04-18 17:00:57.060591+00:00,DESKTOP-7CV8A7M$,pizza,C:\Windows\System32\svchost.exe,"""C:\WINDOWS\system32\BackgroundTaskHost.exe"" -ServerName:BackgroundTaskHost.WebAccountProvider"
431,3,User account enumeration Administrator account,,4798,2026-04-18 17:01:05.094755+00:00,DESKTOP-7CV8A7M$,Administrator,,
432,3,User account enumeration DefaultAccount,,4798,2026-04-18 17:01:05.095833+00:00,DESKTOP-7CV8A7M$,DefaultAccount,,
433,3,User account enumeration Guest account,,4798,2026-04-18 17:01:05.096422+00:00,DESKTOP-7CV8A7M$,Guest,,
434,3,User account enumeration pizza user,,4798,2026-04-18 17:01:05.097319+00:00,DESKTOP-7CV8A7M$,pizza,,
435,3,User account enumeration Administrator account,,4798,2026-04-18 17:01:05.229830+00:00,DESKTOP-7CV8A7M$,Administrator,,
511,4,DllHost spawned from svchost with pizza user,,4688,2026-04-18 17:01:34.435963+00:00,DESKTOP-7CV8A7M$,pizza,C:\Windows\System32\svchost.exe,C:\WINDOWS\system32\DllHost.exe /Processid:{AB8902B4-09CA-4BB6-B78D-A8F59079A8D5}
520,4,RuntimeBroker spawned from svchost with pizza user,,4688,2026-04-18 17:01:38.646847+00:00,DESKTOP-7CV8A7M$,pizza,C:\Windows\System32\svchost.exe,C:\Windows\System32\RuntimeBroker.exe -Embedding
521,4,SearchHost spawned from svchost with pizza user,,4688,2026-04-18 17:01:40.010054+00:00,DESKTOP-7CV8A7M$,pizza,C:\Windows\System32\svchost.exe,"""C:\WINDOWS\SystemApps\MicrosoftWindows.Client.CBS_cw5n1h2txyewy\SearchHost.exe"" -ServerName:CortanaUI.AppXstmwaab17q5s3y22tp6apqz7a45vwv65.mca"
546,4,SearchHost spawned from svchost with pizza user,,4688,2026-04-18 17:01:57.343918+00:00,DESKTOP-7CV8A7M$,pizza,C:\Windows\System32\svchost.exe,"""C:\WINDOWS\SystemApps\MicrosoftWindows.Client.CBS_cw5n1h2txyewy\SearchHost.exe"" -ServerName:CortanaUI.AppXstmwaab17q5s3y22tp6apqz7a45vwv65.mca"
565,4,BackgroundTaskHost spawned from svchost with pizza user,,4688,2026-04-18 17:02:09.019566+00:00,DESKTOP-7CV8A7M$,pizza,C:\Windows\System32\svchost.exe,"""C:\WINDOWS\system32\BackgroundTaskHost.exe"" -ServerName:BackgroundTaskHost.WebAccountProvider"
615,5,EdgeWebView utility process with complex args,,4688,2026-04-18 17:02:26.857113+00:00,pizza,-,C:\Program Files (x86)\Microsoft\EdgeWebView\Application\147.0.3912.72\msedgewebview2.exe,"""C:\Program Files (x86)\Microsoft\EdgeWebView\Application\147.0.3912.72\msedgewebview2.exe"" --type=utility --utility-sub-type=network.mojom.NetworkService --lang=en-US --service-sandbox-type=none --noerrdialogs --user-agent=""Mozilla/5.0 (Windows NT 10.0; Win64; x64; Cortana 1.18.9.23723; 10.0.0.0.26200.8246) AppleWebKit/537.36 (KHTML, like Gecko) Chrome/70.0.3538.102 Safari/537.36 Edge/18.26200 IsWebView2/True (WebView2Version 147.0.3912.72)"" --user-data-dir=""C:\Users\pizza\AppData\Local\Packages\MicrosoftWindows.Client.CBS_cw5n1h2txyewy\LocalState\EBWebView"" --webview-exe-name=SearchHost.exe --webview-exe-version=2126.5604.40.0 --embedded-browser-webview=1 --startup-read-main-dll --metrics-shmem-handle=1704,i,7329776564651489111,2684501597550809454,524288 --field-trial-handle=2248,i,3721789041486098375,14154980014578774728,262144 --enable-features=msEdgeFluentOverlayScrollbar --disable-features=msSmartScreenProtection --variations-seed-version --pseudonymization-salt-handle=2252,i,11216975150626847401,15762176662904609549,4 --trace-process-track-uuid=3190708989122997041 --mojo-platform-channel-handle=2312 /prefetch:11 /pfhostedapp:71605ac00f46126b891160bd09c966621e306630"
616,5,EdgeWebView GPU process with complex args,,4688,2026-04-18 17:02:26.868330+00:00,pizza,-,C:\Program Files (x86)\Microsoft\EdgeWebView\Application\147.0.3912.72\msedgewebview2.exe,"""C:\Program Files (x86)\Microsoft\EdgeWebView\Application\147.0.3912.72\msedgewebview2.exe"" --type=gpu-process --noerrdialogs --user-agent=""Mozilla/5.0 (Windows NT 10.0; Win64; x64; Cortana 1.18.9.23723; 10.0.0.0.26200.8246) AppleWebKit/537.36 (KHTML, like Gecko) Chrome/70.0.3538.102 Safari/537.36 Edge/18.26200 IsWebView2/True (WebView2Version 147.0.3912.72)"" --user-data-dir=""C:\Users\pizza\AppData\Local\Packages\MicrosoftWindows.Client.CBS_cw5n1h2txyewy\LocalState\EBWebView"" --webview-exe-name=SearchHost.exe --webview-exe-version=2126.5604.40.0 --embedded-browser-webview=1 --gpu-preferences=SAAAAAAAAADgAAAEAAAAAAAAAAAAAGAAAQAAAAAAAAAAAAAAAAAAAAIAAAAAAAAAAAAAAAAAAAAQAAAAAAAAABAAAAAAAAAACAAAAAAAAAAIAAAAAAAAAA== --startup-read-main-dll --metrics-shmem-handle=1584,i,3467253657168808988,18313284334589466241,262144 --field-trial-handle=2248,i,3721789041486098375,14154980014578774728,262144 --enable-features=msEdgeFluentOverlayScrollbar --disable-features=msSmartScreenProtection --variations-seed-version --pseudonymization-salt-handle=2252,i,11216975150626847401,15762176662904609549,4 --trace-process-track-uuid=3190708988185955192 --mojo-platform-channel-handle=2244 /prefetch:2 /pfhostedapp:71605ac00f46126b891160bd09c966621e306630"
617,5,EdgeWebView renderer process with complex args,,4688,2026-04-18 17:02:27.007288+00:00,pizza,-,C:\Program Files (x86)\Microsoft\EdgeWebView\Application\147.0.3912.72\msedgewebview2.exe,"""C:\Program Files (x86)\Microsoft\EdgeWebView\Application\147.0.3912.72\msedgewebview2.exe"" --type=renderer --noerrdialogs --user-agent=""Mozilla/5.0 (Windows NT 10.0; Win64; x64; Cortana 1.18.9.23723; 10.0.0.0.26200.8246) AppleWebKit/537.36 (KHTML, like Gecko) Chrome/70.0.3538.102 Safari/537.36 Edge/18.26200 IsWebView2/True (WebView2Version 147.0.3912.72)"" --user-data-dir=""C:\Users\pizza\AppData\Local\Packages\MicrosoftWindows.Client.CBS_cw5n1h2txyewy\LocalState\EBWebView"" --webview-exe-name=SearchHost.exe --webview-exe-version=2126.5604.40.0 --embedded-browser-webview=1 --video-capture-use-gpu-memory-buffer --lang=en-US --js-flags=--expose-gc --device-scale-factor=1 --num-raster-threads=1 --renderer-client-id=5 --time-ticks-at-unix-epoch=-1776531592133734 --launch-time-ticks=154729830 --ram-no-pressure-read-main-dll --metrics-shmem-handle=3228,i,2442480289757296738,12200781185990844889,2097152 --field-trial-handle=2248,i,3721789041486098375,14154980014578774728,262144 --enable-features=msEdgeFluentOverlayScrollbar --disable-features=msSmartScreenProtection --variations-seed-version --pseudonymization-salt-handle=2252,i,11216975150626847401,15762176662904609549,4 --trace-process-track-uuid=3190708990997080739 --mojo-platform-channel-handle=3576 /pfhostedapp:71605ac00f46126b891160bd09c966621e306630 /prefetch:1"
618,5,EdgeWebView storage service with complex args,,4688,2026-04-18 17:02:27.012609+00:00,pizza,-,C:\Program Files (x86)\Microsoft\EdgeWebView\Application\147.0.3912.72\msedgewebview2.exe,"""C:\Program Files (x86)\Microsoft\EdgeWebView\Application\147.0.3912.72\msedgewebview2.exe"" --type=utility --utility-sub-type=storage.mojom.StorageService --lang=en-US --service-sandbox-type=service --noerrdialogs --user-agent=""Mozilla/5.0 (Windows NT 10.0; Win64; x64; Cortana 1.18.9.23723; 10.0.0.0.26200.8246) AppleWebKit/537.36 (KHTML, like Gecko) Chrome/70.0.3538.102 Safari/537.36 Edge/18.26200 IsWebView2/True (WebView2Version 147.0.3912.72)"" --user-data-dir=""C:\Users\pizza\AppData\Local\Packages\MicrosoftWindows.Client.CBS_cw5n1h2txyewy\LocalState\EBWebView"" --webview-exe-name=SearchHost.exe --webview-exe-version=2126.5604.40.0 --embedded-browser-webview=1 --startup-read-main-dll --metrics-shmem-handle=1912,i,8854236102763817692,15496486340480289539,524288 --field-trial-handle=2248,i,3721789041486098375,14154980014578774728,262144 --enable-features=msEdgeFluentOverlayScrollbar --disable-features=msSmartScreenProtection --variations-seed-version --pseudonymization-salt-handle=2252,i,11216975150626847401,15762176662904609549,4 --trace-process-track-uuid=3190708990060038890 --mojo-platform-channel-handle=3504 /prefetch:13 /pfhostedapp:71605ac00f46126b891160bd09c966621e306630"
626,5,Edge GPU process with complex arguments,,4688,2026-04-18 17:02:38.559252+00:00,pizza,-,C:\Program Files (x86)\Microsoft\Edge\Application\msedge.exe,"""C:\Program Files (x86)\Microsoft\Edge\Application\msedge.exe"" --type=gpu-process --disable-gpu-sandbox --use-gl=disabled --gpu-vendor-id=5140 --gpu-device-id=140 --gpu-sub-system-id=0 --gpu-revision=0 --gpu-driver-version=10.0.26100.8246 --gpu-preferences=SAAAAAAAAADoAAAEAAAAAAAAAAAAAGAAAQAAAAAAAAAAAAAAAAAAAEIAAAAAAAAAAAAAAAAAAAAQAAAAAAAAABAAAAAAAAAACAAAAAAAAAAIAAAAAAAAAA== --ram-no-pressure-read-main-dll --metrics-shmem-handle=8584,i,15569201120847338878,6975960133095770831,262144 --field-trial-handle=1964,i,667698988613141764,16773000852170689376,262144 --variations-seed-version --pseudonymization-salt-handle=2008,i,18115320779837072265,5531604146660850496,4 --trace-process-track-uuid=3190709007863834021 --mojo-platform-channel-handle=8576 /prefetch:10"
663,11,MSI installer from PowerShell temp directory,,4688,2026-04-18 17:03:08.954107+00:00,pizza,-,C:\Windows\System32\WindowsPowerShell\v1.0\powershell.exe,"""C:\WINDOWS\system32\msiexec.exe"" /i C:\Users\pizza\AppData\Local\Temp\wazuh-agent /q WAZUH_MANAGER=192.168.80.142 WAZUH_AGENT_NAME=Normal"
679,8,ICACLS reset permissions ossec-agent directory,,4688,2026-04-18 17:03:15.481007+00:00,DESKTOP-7CV8A7M$,-,C:\Windows\SysWOW64\msiexec.exe,"""C:\Windows\SysWOW64\icacls.exe"" ""C:\Program Files (x86)\ossec-agent"" /reset /t"
683,8,ICACLS inheritance level reset ossec-agent,,4688,2026-04-18 17:03:15.608587+00:00,DESKTOP-7CV8A7M$,-,C:\Windows\SysWOW64\msiexec.exe,"""C:\Windows\SysWOW64\icacls.exe"" ""C:\Program Files (x86)\ossec-agent"" /inheritancelevel:r /q"
688,8,ICACLS grant admin full ossec-agent,,4688,2026-04-18 17:03:15.820654+00:00,DESKTOP-7CV8A7M$,-,C:\Windows\SysWOW64\msiexec.exe,"""C:\Windows\SysWOW64\icacls.exe"" ""C:\Program Files (x86)\ossec-agent"" /grant *S-1-5-32-544:(OI)(CI)F"
692,8,ICACLS grant SYSTEM full ossec-agent,,4688,2026-04-18 17:03:15.895576+00:00,DESKTOP-7CV8A7M$,-,C:\Windows\SysWOW64\msiexec.exe,"""C:\Windows\SysWOW64\icacls.exe"" ""C:\Program Files (x86)\ossec-agent"" /grant *S-1-5-18:(OI)(CI)F"
735,12,pizza user added to Administrators group,,4799,2026-04-18 17:03:20.988176+00:00,pizza,Administrators,,
738,12,pizza user added to Administrators group,,4799,2026-04-18 17:03:22.019850+00:00,pizza,Administrators,,
742,13,wazuh-agent spawning powershell querying password policy,,4688,2026-04-18 17:03:24.917656+00:00,DESKTOP-7CV8A7M$,-,C:\Program Files (x86)\ossec-agent\wazuh-agent.exe,"powershell secedit /export /cfg $env:TEMP\secpol.cfg; Get-Content $env:TEMP\secpol.cfg | Select-String ""PasswordHistorySize""; Remove-Item $env:TEMP\secpol.cfg"
769,13,wazuh-agent spawning powershell querying password policy,,4688,2026-04-18 17:03:37.633520+00:00,DESKTOP-7CV8A7M$,-,C:\Program Files (x86)\ossec-agent\wazuh-agent.exe,"powershell secedit /export /cfg $env:TEMP\secpol.cfg; Get-Content $env:TEMP\secpol.cfg | Select-String ""MaximumPasswordAge""; Remove-Item $env:TEMP\secpol.cfg"
778,13,wazuh-agent spawning powershell querying password policy,,4688,2026-04-18 17:03:39.260700+00:00,DESKTOP-7CV8A7M$,-,C:\Program Files (x86)\ossec-agent\wazuh-agent.exe,"powershell secedit /export /cfg $env:TEMP\secpol.cfg; Get-Content $env:TEMP\secpol.cfg | Select-String ""MaximumPasswordAge""; Remove-Item $env:TEMP\secpol.cfg"
785,10,Wazuh agent executing secedit password policy extraction,,4688,2026-04-18 17:03:40.967344+00:00,DESKTOP-7CV8A7M$,-,C:\Program Files (x86)\ossec-agent\wazuh-agent.exe,"powershell secedit /export /cfg $env:TEMP\secpol.cfg; Get-Content $env:TEMP\secpol.cfg | Select-String ""MinimumPasswordAge""; Remove-Item $env:TEMP\secpol.cfg"
793,10,Wazuh agent executing secedit password policy extraction,,4688,2026-04-18 17:03:42.587423+00:00,DESKTOP-7CV8A7M$,-,C:\Program Files (x86)\ossec-agent\wazuh-agent.exe,"powershell secedit /export /cfg $env:TEMP\secpol.cfg; Get-Content $env:TEMP\secpol.cfg | Select-String ""MinimumPasswordLength""; Remove-Item $env:TEMP\secpol.cfg"
811,10,Wazuh agent executing secedit lockout policy extraction,,4688,2026-04-18 17:03:47.121096+00:00,DESKTOP-7CV8A7M$,-,C:\Program Files (x86)\ossec-agent\wazuh-agent.exe,"powershell secedit /export /cfg $env:TEMP\secpol.cfg; Get-Content $env:TEMP\secpol.cfg | Select-String ""LockoutBadCount""; Remove-Item $env:TEMP\secpol.cfg"
817,10,Wazuh agent executing secedit lockout policy extraction,,4688,2026-04-18 17:03:48.873795+00:00,DESKTOP-7CV8A7M$,-,C:\Program Files (x86)\ossec-agent\wazuh-agent.exe,"powershell secedit /export /cfg $env:TEMP\secpol.cfg; Get-Content $env:TEMP\secpol.cfg | Select-String ""LockoutBadCount""; Remove-Item $env:TEMP\secpol.cfg"
852,11,Wazuh agent querying password policy settings,,4688,2026-04-18 17:03:53.957922+00:00,DESKTOP-7CV8A7M$,-,C:\Program Files (x86)\ossec-agent\wazuh-agent.exe,"powershell secedit /export /cfg $env:TEMP\secpol.cfg; Get-Content $env:TEMP\secpol.cfg | Select-String ""MaximumPasswordAge""; Remove-Item $env:TEMP\secpol.cfg"
860,11,Wazuh agent querying password policy settings,,4688,2026-04-18 17:03:55.603416+00:00,DESKTOP-7CV8A7M$,-,C:\Program Files (x86)\ossec-agent\wazuh-agent.exe,"powershell secedit /export /cfg $env:TEMP\secpol.cfg; Get-Content $env:TEMP\secpol.cfg | Select-String ""MaximumPasswordAge""; Remove-Item $env:TEMP\secpol.cfg"
866,11,Wazuh agent querying password policy settings,,4688,2026-04-18 17:03:57.101400+00:00,DESKTOP-7CV8A7M$,-,C:\Program Files (x86)\ossec-agent\wazuh-agent.exe,"powershell secedit /export /cfg $env:TEMP\secpol.cfg; Get-Content $env:TEMP\secpol.cfg | Select-String ""MinimumPasswordAge""; Remove-Item $env:TEMP\secpol.cfg"
872,11,Wazuh agent querying password policy settings,,4688,2026-04-18 17:03:58.658857+00:00,DESKTOP-7CV8A7M$,-,C:\Program Files (x86)\ossec-agent\wazuh-agent.exe,"powershell secedit /export /cfg $env:TEMP\secpol.cfg; Get-Content $env:TEMP\secpol.cfg | Select-String ""MinimumPasswordLength""; Remove-Item $env:TEMP\secpol.cfg"
878,11,Wazuh agent querying lockout policy settings,,4688,2026-04-18 17:04:00.205488+00:00,DESKTOP-7CV8A7M$,-,C:\Program Files (x86)\ossec-agent\wazuh-agent.exe,"powershell secedit /export /cfg $env:TEMP\secpol.cfg; Get-Content $env:TEMP\secpol.cfg | Select-String ""LockoutDuration""; Remove-Item $env:TEMP\secpol.cfg"
912,4,User enumeration attempt on non-standard account,,4798,2026-04-18 17:04:18.151102+00:00,DESKTOP-7CV8A7M$,pizza,,
915,6,Wazuh agent executing net user command,,4688,2026-04-18 17:04:18.253084+00:00,DESKTOP-7CV8A7M$,-,C:\Program Files (x86)\ossec-agent\wazuh-agent.exe,net user
921,6,Wazuh agent executing net user command,,4688,2026-04-18 17:04:18.325344+00:00,DESKTOP-7CV8A7M$,-,C:\Program Files (x86)\ossec-agent\wazuh-agent.exe,net user
928,7,Wazuh agent querying legal notice registry,,4688,2026-04-18 17:04:18.400818+00:00,DESKTOP-7CV8A7M$,-,C:\Program Files (x86)\ossec-agent\wazuh-agent.exe,reg query HKLM\SOFTWARE\Microsoft\Windows\CurrentVersion\Policies\system /v legalnoticetext
931,7,Wazuh agent querying legal notice registry,,4688,2026-04-18 17:04:18.447641+00:00,DESKTOP-7CV8A7M$,-,C:\Program Files (x86)\ossec-agent\wazuh-agent.exe,reg query HKLM\SOFTWARE\Microsoft\Windows\CurrentVersion\Policies\system /v legalnoticecaption
980,7,Auditpol spawning conhost with ForceV1 flag,,4688,2026-04-18 17:04:19.011244+00:00,DESKTOP-7CV8A7M$,-,C:\Windows\SysWOW64\auditpol.exe,\??\C:\WINDOWS\system32\conhost.exe 0xffffffff -ForceV1
984,7,Auditpol spawning conhost with ForceV1 flag,,4688,2026-04-18 17:04:19.046324+00:00,DESKTOP-7CV8A7M$,-,C:\Windows\SysWOW64\auditpol.exe,\??\C:\WINDOWS\system32\conhost.exe 0xffffffff -ForceV1
988,7,Auditpol spawning conhost with ForceV1 flag,,4688,2026-04-18 17:04:19.086426+00:00,DESKTOP-7CV8A7M$,-,C:\Windows\SysWOW64\auditpol.exe,\??\C:\WINDOWS\system32\conhost.exe 0xffffffff -ForceV1
992,7,Auditpol spawning conhost with ForceV1 flag,,4688,2026-04-18 17:04:19.123409+00:00,DESKTOP-7CV8A7M$,-,C:\Windows\SysWOW64\auditpol.exe,\??\C:\WINDOWS\system32\conhost.exe 0xffffffff -ForceV1
996,7,Auditpol spawning conhost with ForceV1 flag,,4688,2026-04-18 17:04:19.160648+00:00,DESKTOP-7CV8A7M$,-,C:\Windows\SysWOW64\auditpol.exe,\??\C:\WINDOWS\system32\conhost.exe 0xffffffff -ForceV1
1054,2,EdgeWebView2 unzip utility process with complex arguments,,4688,2026-04-18 17:05:03.015608+00:00,pizza,-,C:\Program Files (x86)\Microsoft\EdgeWebView\Application\147.0.3912.72\msedgewebview2.exe,"""C:\Program Files (x86)\Microsoft\EdgeWebView\Application\147.0.3912.72\msedgewebview2.exe"" --type=utility --utility-sub-type=unzip.mojom.Unzipper --lang=en-US --service-sandbox-type=service --noerrdialogs --user-agent=""Mozilla/5.0 (Windows NT 10.0; Win64; x64; Cortana 1.18.9.23723; 10.0.0.0.26200.8246) AppleWebKit/537.36 (KHTML, like Gecko) Chrome/70.0.3538.102 Safari/537.36 Edge/18.26200 IsWebView2/True (WebView2Version 147.0.3912.72)"" --user-data-dir=""C:\Users\pizza\AppData\Local\Packages\MicrosoftWindows.Client.CBS_cw5n1h2txyewy\LocalState\EBWebView"" --webview-exe-name=SearchHost.exe --webview-exe-version=2126.5604.40.0 --embedded-browser-webview=1 --ram-no-pressure-read-main-dll --metrics-shmem-handle=4348,i,10814681042873482819,16840373405684339726,524288 --field-trial-handle=2184,i,3672850769528679215,11075793313131671495,262144 --enable-features=msEdgeFluentOverlayScrollbar --disable-features=msSmartScreenProtection --variations-seed-version --pseudonymization-salt-handle=2188,i,10699698242794209493,15942221150617539207,4 --trace-process-track-uuid=3190708991934122588 --mojo-platform-channel-handle=3200 /prefetch:14 /pfhostedapp:71605ac00f46126b891160bd09c966621e306630"
1057,2,EdgeWebView2 GPU process with disabled sandbox flag,,4688,2026-04-18 17:05:05.171156+00:00,pizza,-,C:\Program Files (x86)\Microsoft\EdgeWebView\Application\147.0.3912.72\msedgewebview2.exe,"""C:\Program Files (x86)\Microsoft\EdgeWebView\Application\147.0.3912.72\msedgewebview2.exe"" --type=gpu-process --disable-gpu-sandbox --use-gl=disabled --gpu-vendor-id=5140 --gpu-device-id=140 --gpu-sub-system-id=0 --gpu-revision=0 --gpu-driver-version=10.0.26100.8246 --noerrdialogs --user-agent=""Mozilla/5.0 (Windows NT 10.0; Win64; x64; Cortana 1.18.9.23723; 10.0.0.0.26200.8246) AppleWebKit/537.36 (KHTML, like Gecko) Chrome/70.0.3538.102 Safari/537.36 Edge/18.26200 IsWebView2/True (WebView2Version 147.0.3912.72)"" --user-data-dir=""C:\Users\pizza\AppData\Local\Packages\MicrosoftWindows.Client.CBS_cw5n1h2txyewy\LocalState\EBWebView"" --webview-exe-name=SearchHost.exe --webview-exe-version=2126.5604.40.0 --embedded-browser-webview=1 --gpu-preferences=SAAAAAAAAADoAAAEAAAAAAAAAAAAAGAAAQAAAAAAAAAAAAAAAAAAAEIAAAAAAAAAAAAAAAAAAAAQAAAAAAAAABAAAAAAAAAACAAAAAAAAAAIAAAAAAAAAA== --skip-read-main-dll --metrics-shmem-handle=3120,i,9692115120748197601,7018480834760971520,262144 --field-trial-handle=2184,i,3672850769528679215,11075793313131671495,262144 --enable-features=msEdgeFluentOverlayScrollbar --disable-features=msSmartScreenProtection --variations-seed-version --pseudonymization-salt-handle=2188,i,10699698242794209493,15942221150617539207,4 --trace-process-track-uuid=3190708992871164437 --mojo-platform-channel-handle=3116 /prefetch:10 /pfhostedapp:71605ac00f46126b891160bd09c966621e306630"
1070,2,MoUsoCoreWorker.exe from unusual UUS packages path,,4688,2026-04-18 17:05:15.995256+00:00,DESKTOP-7CV8A7M$,-,C:\Windows\System32\svchost.exe,"""C:\WINDOWS\uus\packages\preview\AMD64\MoUsoCoreWorker.exe"" useprivatenamespaces"
1083,2,EdgeWebView2 from Widgets.exe with complex arguments,,4688,2026-04-18 17:05:32.501966+00:00,pizza,-,C:\Program Files\WindowsApps\MicrosoftWindows.Client.WebExperience_526.1202.40.0_x64__cw5n1h2txyewy\Dashboard\Widgets.exe,"""C:\Program Files (x86)\Microsoft\EdgeWebView\Application\147.0.3912.72\msedgewebview2.exe"" --embedded-browser-webview=1 --webview-exe-name=Widgets.exe --webview-exe-version=526.1202.10.0 --user-data-dir=""C:\Users\pizza\AppData\Local\Packages\MicrosoftWindows.Client.WebExperience_cw5n1h2txyewy\LocalState\EBWebView"" --noerrdialogs --disk-cache-size=52428800 --edge-webview-is-background --lang=en-US --mojo-named-platform-channel-pipe=6208.5704.1011147219928842704 /pfhostedapp:a8eda00653c581dfd3dbafe4c7afd6e7acade90e"
1095,3,User added to Administrators group event,,4799,2026-04-18 17:05:40.298286+00:00,pizza,Administrators,,
1155,5,Rundll32 executing AppXDeploymentExtensions from system,,4688,2026-04-18 17:06:30.048294+00:00,DESKTOP-7CV8A7M$,pizza,C:\Windows\System32\svchost.exe,"C:\WINDOWS\system32\rundll32.exe C:\WINDOWS\system32\AppXDeploymentExtensions.OneCore.dll,ShellRefresh"
1176,5,Windows Store extension spawned by sihost,,4688,2026-04-18 17:07:01.303308+00:00,DESKTOP-7CV8A7M$,pizza,C:\Windows\System32\sihost.exe,"""C:\Program Files\WindowsApps\Microsoft.WindowsStore_22603.1401.7.0_x64__8wekyb3d8bbwe\StoreDesktopExtension.exe"" /InvokerPRAID: App /registerStoreTelemetry"
1182,6,EdgeWebView utility process with complex parameters,,4688,2026-04-18 17:07:12.630701+00:00,pizza,-,C:\Program Files (x86)\Microsoft\EdgeWebView\Application\147.0.3912.72\msedgewebview2.exe,"""C:\Program Files (x86)\Microsoft\EdgeWebView\Application\147.0.3912.72\msedgewebview2.exe"" --type=utility --utility-sub-type=unzip.mojom.Unzipper --lang=en-US --service-sandbox-type=service --noerrdialogs --user-agent=""Mozilla/5.0 (Windows NT 10.0; Win64; x64; Cortana 1.18.9.23723; 10.0.0.0.26200.8246) AppleWebKit/537.36 (KHTML, like Gecko) Chrome/70.0.3538.102 Safari/537.36 Edge/18.26200 IsWebView2/True (WebView2Version 147.0.3912.72)"" --user-data-dir=""C:\Users\pizza\AppData\Local\Packages\MicrosoftWindows.Client.CBS_cw5n1h2txyewy\LocalState\EBWebView"" --webview-exe-name=SearchHost.exe --webview-exe-version=2126.5604.40.0 --embedded-browser-webview=1 --ram-no-pressure-read-main-dll --metrics-shmem-handle=3120,i,14516551727252920593,14764067341333608288,524288 --field-trial-handle=2184,i,3672850769528679215,11075793313131671495,262144 --enable-features=msEdgeFluentOverlayScrollbar --disable-features=msSmartScreenProtection --variations-seed-version --pseudonymization-salt-handle=2188,i,10699698242794209493,15942221150617539207,4 --trace-process-track-uuid=3190708994745248135 --mojo-platform-channel-handle=4884 /prefetch:14 /pfhostedapp:71605ac00f46126b891160bd09c966621e306630"
1189,5,Microsoft Edge installer spawned by update service,,4688,2026-04-18 17:07:29.542042+00:00,DESKTOP-7CV8A7M$,-,C:\Program Files (x86)\Microsoft\EdgeUpdate\MicrosoftEdgeUpdate.exe,"""C:\Program Files (x86)\Microsoft\EdgeUpdate\Install\{EDC66712-929F-45A9-B50A-5697BC1C69CA}\MicrosoftEdge_X64_147.0.3912.60.exe"" --mscopilot --verbose-logging --do-not-launch-msedge --system-level --channel=stable --copilot-upgrade-only=1"
1190,5,Edge setup executable with installation parameters,,4688,2026-04-18 17:07:29.726122+00:00,DESKTOP-7CV8A7M$,-,C:\Program Files (x86)\Microsoft\EdgeUpdate\Install\{EDC66712-929F-45A9-B50A-5697BC1C69CA}\MicrosoftEdge_X64_147.0.3912.60.exe,"""C:\Program Files (x86)\Microsoft\EdgeUpdate\Install\{EDC66712-929F-45A9-B50A-5697BC1C69CA}\EDGEMITMP_710E6.tmp\setup.exe"" --install-archive=""C:\Program Files (x86)\Microsoft\EdgeUpdate\Install\{EDC66712-929F-45A9-B50A-5697BC1C69CA}\MicrosoftEdge_X64_147.0.3912.60.exe"" --mscopilot --verbose-logging --do-not-launch-msedge --system-level --channel=stable --copilot-upgrade-only=1"
1214,8,Edge setup installer with system-level installation flags,,4688,2026-04-18 17:08:04.560514+00:00,DESKTOP-7CV8A7M$,-,C:\Program Files (x86)\Microsoft\EdgeUpdate\Install\{EDC66712-929F-45A9-B50A-5697BC1C69CA}\EDGEMITMP_710E6.tmp\setup.exe,"""C:\Program Files (x86)\Microsoft\EdgeUpdate\Install\{EDC66712-929F-45A9-B50A-5697BC1C69CA}\EDGEMITMP_710E6.tmp\setup.exe"" --mscopilot --channel=stable --system-level --verbose-logging --create-shortcuts=0 --install-level=1"
1216,7,Edge setup installer process terminated,C:\Program Files (x86)\Microsoft\EdgeUpdate\Install\{EDC66712-929F-45A9-B50A-5697BC1C69CA}\EDGEMITMP_710E6.tmp\setup.exe,4689,2026-04-18 17:08:04.808634+00:00,DESKTOP-7CV8A7M$,,,
1217,8,Copilot installer spawned from Edge setup,,4688,2026-04-18 17:08:04.830694+00:00,DESKTOP-7CV8A7M$,-,C:\Program Files (x86)\Microsoft\EdgeUpdate\Install\{EDC66712-929F-45A9-B50A-5697BC1C69CA}\EDGEMITMP_710E6.tmp\setup.exe,"""C:\Program Files (x86)\Microsoft\Copilot\Application\147.0.3912.60\Installer\setup.exe"" --mscopilot --channel=stable --register-package-identity --verbose-logging --system-level"
1224,7,Copilot installer process terminated,C:\Program Files (x86)\Microsoft\Copilot\Application\147.0.3912.60\Installer\setup.exe,4689,2026-04-18 17:08:07.550314+00:00,DESKTOP-7CV8A7M$,,,
1330,2,Edge browser utility subprocess with standard parameters,,4688,2026-04-18 17:12:03.627323+00:00,pizza,-,C:\Program Files (x86)\Microsoft\Edge\Application\msedge.exe,"""C:\Program Files (x86)\Microsoft\Edge\Application\msedge.exe"" --type=utility --utility-sub-type=asset_store.mojom.AssetStoreService --lang=en-US --service-sandbox-type=asset_store_service --video-capture-use-gpu-memory-buffer --skip-read-main-dll --metrics-shmem-handle=5064,i,14853164326733233498,15581768710486973014,524288 --field-trial-handle=2416,i,3242394225898051832,3929336231479576700,262144 --variations-seed-version --pseudonymization-salt-handle=2420,i,8699853921611400777,3823603960447899792,4 --trace-process-track-uuid=3190708994745248135 --mojo-platform-channel-handle=4968 /prefetch:14"
1334,8,"Missing critical fields, unknown process event",,4688,2026-04-18 17:41:09.627207+00:00,-,-,,
1335,2,Audit event with incomplete subject information,,4696,2026-04-18 17:41:09.627325+00:00,-,-,,
1336,2,Audit event with missing process and user details,,4826,2026-04-18 17:41:09.627329+00:00,-,,,
1337,8,Process creation with all critical fields missing,,4688,2026-04-18 17:41:09.641771+00:00,-,-,,
1338,7,Process spawned by smss with missing details,,4688,2026-04-18 17:41:10.526890+00:00,-,-,C:\Windows\System32\smss.exe,
1339,7,Process spawned by smss with missing details,,4688,2026-04-18 17:41:11.014133+00:00,-,-,C:\Windows\System32\smss.exe,
1340,7,Process spawned by smss with missing details,,4688,2026-04-18 17:41:11.127144+00:00,-,-,C:\Windows\System32\smss.exe,
1416,8,Upfc.exe with suspicious boot launchtype parameter,,4688,2026-04-18 17:41:13.682154+00:00,DESKTOP-7CV8A7M$,-,C:\Windows\System32\services.exe,C:\WINDOWS\System32\Upfc.exe /launchtype boot /cv xrVUoSdfqk+E103GffR5gQ.0
1439,4,Process creation with missing parent process,,4688,2026-04-18 17:41:14.532728+00:00,DESKTOP-7CV8A7M$,-,,
1440,3,Group membership change to Administrators,,4799,2026-04-18 17:41:14.765181+00:00,DESKTOP-7CV8A7M$,Administrators,,
1450,3,Group membership change for pizza user,,4798,2026-04-18 17:41:15.640442+00:00,DESKTOP-7CV8A7M$,pizza,,
1457,6,ClipRenew.exe with suspicious parameter launch,,4688,2026-04-18 17:41:15.883961+00:00,DESKTOP-7CV8A7M$,-,C:\Windows\System32\svchost.exe,"""C:\WINDOWS\system32\ClipRenew.exe"" -e"
1522,2,taskhostw.exe network task from svchost,,4688,2026-04-18 17:41:21.353830+00:00,DESKTOP-7CV8A7M$,DESKTOP-7CV8A7M$,C:\Windows\System32\svchost.exe,taskhostw.exe network
1523,10,PowerShell security policy export from Wazuh agent,,4688,2026-04-18 17:41:23.101974+00:00,DESKTOP-7CV8A7M$,-,C:\Program Files (x86)\ossec-agent\wazuh-agent.exe,"powershell secedit /export /cfg $env:TEMP\secpol.cfg; Get-Content $env:TEMP\secpol.cfg | Select-String ""PasswordHistorySize""; Remove-Item $env:TEMP\secpol.cfg"
1524,3,wermgr.exe upload from svchost parent,,4688,2026-04-18 17:41:23.317656+00:00,DESKTOP-7CV8A7M$,-,C:\Windows\System32\svchost.exe,"""C:\WINDOWS\system32\wermgr.exe"" -upload"
1527,3,conhost.exe from PowerShell parent process,,4688,2026-04-18 17:41:24.250103+00:00,DESKTOP-7CV8A7M$,-,C:\Windows\SysWOW64\WindowsPowerShell\v1.0\powershell.exe,\??\C:\WINDOWS\system32\conhost.exe 0xffffffff -ForceV1
1537,2,wmiprvse.exe secured embedding from svchost,,4688,2026-04-18 17:41:25.436096+00:00,DESKTOP-7CV8A7M$,DESKTOP-7CV8A7M$,C:\Windows\System32\svchost.exe,C:\WINDOWS\system32\wbem\wmiprvse.exe -secured -Embedding
1580,11,Wazuh agent executing policy enumeration script,,4688,2026-04-18 17:41:35.408112+00:00,DESKTOP-7CV8A7M$,-,C:\Program Files (x86)\ossec-agent\wazuh-agent.exe,"powershell secedit /export /cfg $env:TEMP\secpol.cfg; Get-Content $env:TEMP\secpol.cfg | Select-String ""MaximumPasswordAge""; Remove-Item $env:TEMP\secpol.cfg"
1586,11,Wazuh agent executing policy enumeration script,,4688,2026-04-18 17:41:37.170988+00:00,DESKTOP-7CV8A7M$,-,C:\Program Files (x86)\ossec-agent\wazuh-agent.exe,"powershell secedit /export /cfg $env:TEMP\secpol.cfg; Get-Content $env:TEMP\secpol.cfg | Select-String ""MaximumPasswordAge""; Remove-Item $env:TEMP\secpol.cfg"
1592,11,Wazuh agent executing policy enumeration script,,4688,2026-04-18 17:41:38.730328+00:00,DESKTOP-7CV8A7M$,-,C:\Program Files (x86)\ossec-agent\wazuh-agent.exe,"powershell secedit /export /cfg $env:TEMP\secpol.cfg; Get-Content $env:TEMP\secpol.cfg | Select-String ""MinimumPasswordAge""; Remove-Item $env:TEMP\secpol.cfg"
1598,11,Wazuh agent executing policy enumeration script,,4688,2026-04-18 17:41:40.478308+00:00,DESKTOP-7CV8A7M$,-,C:\Program Files (x86)\ossec-agent\wazuh-agent.exe,"powershell secedit /export /cfg $env:TEMP\secpol.cfg; Get-Content $env:TEMP\secpol.cfg | Select-String ""MinimumPasswordLength""; Remove-Item $env:TEMP\secpol.cfg"
1604,11,Wazuh agent executing policy enumeration script,,4688,2026-04-18 17:41:42.053394+00:00,DESKTOP-7CV8A7M$,-,C:\Program Files (x86)\ossec-agent\wazuh-agent.exe,"powershell secedit /export /cfg $env:TEMP\secpol.cfg; Get-Content $env:TEMP\secpol.cfg | Select-String ""LockoutDuration""; Remove-Item $env:TEMP\secpol.cfg"
1610,11,Wazuh agent executing security policy export commands,,4688,2026-04-18 17:41:43.412064+00:00,DESKTOP-7CV8A7M$,-,C:\Program Files (x86)\ossec-agent\wazuh-agent.exe,"powershell secedit /export /cfg $env:TEMP\secpol.cfg; Get-Content $env:TEMP\secpol.cfg | Select-String ""LockoutBadCount""; Remove-Item $env:TEMP\secpol.cfg"
1616,11,Wazuh agent executing security policy export commands,,4688,2026-04-18 17:41:44.828815+00:00,DESKTOP-7CV8A7M$,-,C:\Program Files (x86)\ossec-agent\wazuh-agent.exe,"powershell secedit /export /cfg $env:TEMP\secpol.cfg; Get-Content $env:TEMP\secpol.cfg | Select-String ""LockoutBadCount""; Remove-Item $env:TEMP\secpol.cfg"
1622,11,Wazuh agent querying lockout policy settings,,4688,2026-04-18 17:41:46.227425+00:00,DESKTOP-7CV8A7M$,-,C:\Program Files (x86)\ossec-agent\wazuh-agent.exe,"powershell secedit /export /cfg $env:TEMP\secpol.cfg; Get-Content $env:TEMP\secpol.cfg | Select-String ""ResetLockoutCount""; Remove-Item $env:TEMP\secpol.cfg"
1628,10,Wazuh agent querying disabled user accounts,,4688,2026-04-18 17:41:47.575542+00:00,DESKTOP-7CV8A7M$,-,C:\Program Files (x86)\ossec-agent\wazuh-agent.exe,"powershell -NoProfile -Command ""[bool](Get-CimInstance -Query 'SELECT * FROM Win32_UserAccount WHERE LocalAccount = TRUE AND SID LIKE ''S-1-5-21-%-501''' | Where-Object -Property Disabled)"""
1631,8,User account policy change on Administrator account,,4798,2026-04-18 17:41:49.339237+00:00,DESKTOP-7CV8A7M$,Administrator,,
1683,4,conhost spawned with ForceV1 flag from auditpol,,4688,2026-04-18 17:41:49.907520+00:00,DESKTOP-7CV8A7M$,-,C:\Windows\SysWOW64\auditpol.exe,\??\C:\WINDOWS\system32\conhost.exe 0xffffffff -ForceV1
1687,4,conhost spawned with ForceV1 flag from auditpol,,4688,2026-04-18 17:41:49.944862+00:00,DESKTOP-7CV8A7M$,-,C:\Windows\SysWOW64\auditpol.exe,\??\C:\WINDOWS\system32\conhost.exe 0xffffffff -ForceV1
1691,4,conhost spawned with ForceV1 flag from auditpol,,4688,2026-04-18 17:41:49.980940+00:00,DESKTOP-7CV8A7M$,-,C:\Windows\SysWOW64\auditpol.exe,\??\C:\WINDOWS\system32\conhost.exe 0xffffffff -ForceV1
1695,4,conhost spawned with ForceV1 flag from auditpol,,4688,2026-04-18 17:41:50.015610+00:00,DESKTOP-7CV8A7M$,-,C:\Windows\SysWOW64\auditpol.exe,\??\C:\WINDOWS\system32\conhost.exe 0xffffffff -ForceV1
1699,4,conhost spawned with ForceV1 flag from auditpol,,4688,2026-04-18 17:41:50.051977+00:00,DESKTOP-7CV8A7M$,-,C:\Windows\SysWOW64\auditpol.exe,\??\C:\WINDOWS\system32\conhost.exe 0xffffffff -ForceV1
1780,13,svchost explicit credential use with suspicious email,C:\Windows\System32\svchost.exe,4648,2026-04-18 17:42:19.048168+00:00,DESKTOP-7CV8A7M$,pizzahuthacker@gmail.com,,
1781,13,Logon with suspicious pizzahuthacker email account,C:\Windows\System32\svchost.exe,4624,2026-04-18 17:42:19.048191+00:00,DESKTOP-7CV8A7M$,pizzahuthacker@gmail.com,,
1783,13,Logon with suspicious pizzahuthacker email account,C:\Windows\System32\svchost.exe,4624,2026-04-18 17:42:19.048244+00:00,DESKTOP-7CV8A7M$,pizzahuthacker@gmail.com,,
1789,13,lsass explicit credential use with suspicious email,C:\Windows\System32\lsass.exe,4648,2026-04-18 17:42:19.165901+00:00,DESKTOP-7CV8A7M$,pizzahuthacker@gmail.com,,
1790,13,Logon with suspicious pizzahuthacker email account,C:\Windows\System32\lsass.exe,4624,2026-04-18 17:42:19.165937+00:00,DESKTOP-7CV8A7M$,pizzahuthacker@gmail.com,,
1840,6,EdgeWebView2 embedded browser with complex arguments,,4688,2026-04-18 17:42:30.299578+00:00,pizza,-,C:\Windows\SystemApps\MicrosoftWindows.Client.CBS_cw5n1h2txyewy\SearchHost.exe,"""C:\Program Files (x86)\Microsoft\EdgeWebView\Application\147.0.3912.72\msedgewebview2.exe"" --embedded-browser-webview=1 --webview-exe-name=SearchHost.exe --webview-exe-version=2126.5604.40.0 --user-data-dir=""C:\Users\pizza\AppData\Local\Packages\MicrosoftWindows.Client.CBS_cw5n1h2txyewy\LocalState\EBWebView"" --noerrdialogs --disable-features=msSmartScreenProtection --edge-webview-enable-mojo-ipcz --enable-features=msEdgeFluentOverlayScrollbar --user-agent=""Mozilla/5.0 (Windows NT 10.0; Win64; x64; Cortana 1.18.9.23723; 10.0.0.0.26200.8246) AppleWebKit/537.36 (KHTML, like Gecko) Chrome/70.0.3538.102 Safari/537.36 Edge/18.26200 IsWebView2/True (WebView2Version 147.0.3912.72)"" --lang=en-US --mojo-named-platform-channel-pipe=3756.5572.13985080769832614430 /pfhostedapp:71605ac00f46126b891160bd09c966621e306630"
1846,6,EdgeWebView2 network utility process launch,,4688,2026-04-18 17:42:31.858299+00:00,pizza,-,C:\Program Files (x86)\Microsoft\EdgeWebView\Application\147.0.3912.72\msedgewebview2.exe,"""C:\Program Files (x86)\Microsoft\EdgeWebView\Application\147.0.3912.72\msedgewebview2.exe"" --type=utility --utility-sub-type=network.mojom.NetworkService --lang=en-US --service-sandbox-type=none --noerrdialogs --user-agent=""Mozilla/5.0 (Windows NT 10.0; Win64; x64; Cortana 1.18.9.23723; 10.0.0.0.26200.8246) AppleWebKit/537.36 (KHTML, like Gecko) Chrome/70.0.3538.102 Safari/537.36 Edge/18.26200 IsWebView2/True (WebView2Version 147.0.3912.72)"" --user-data-dir=""C:\Users\pizza\AppData\Local\Packages\MicrosoftWindows.Client.CBS_cw5n1h2txyewy\LocalState\EBWebView"" --webview-exe-name=SearchHost.exe --webview-exe-version=2126.5604.40.0 --embedded-browser-webview=1 --startup-read-main-dll --metrics-shmem-handle=1708,i,337677222386766904,8432178472234037215,524288 --field-trial-handle=2008,i,12471635176619122845,2129962009833074279,262144 --enable-features=msEdgeFluentOverlayScrollbar --disable-features=msSmartScreenProtection --variations-seed-version --pseudonymization-salt-handle=2012,i,4555349279080499275,6331284381083430597,4 --trace-process-track-uuid=3190708989122997041 --mojo-platform-channel-handle=2552 /prefetch:11 /pfhostedapp:71605ac00f46126b891160bd09c966621e306630"
1847,6,EdgeWebView2 GPU process with complex arguments,,4688,2026-04-18 17:42:31.871206+00:00,pizza,-,C:\Program Files (x86)\Microsoft\EdgeWebView\Application\147.0.3912.72\msedgewebview2.exe,"""C:\Program Files (x86)\Microsoft\EdgeWebView\Application\147.0.3912.72\msedgewebview2.exe"" --type=gpu-process --noerrdialogs --user-agent=""Mozilla/5.0 (Windows NT 10.0; Win64; x64; Cortana 1.18.9.23723; 10.0.0.0.26200.8246) AppleWebKit/537.36 (KHTML, like Gecko) Chrome/70.0.3538.102 Safari/537.36 Edge/18.26200 IsWebView2/True (WebView2Version 147.0.3912.72)"" --user-data-dir=""C:\Users\pizza\AppData\Local\Packages\MicrosoftWindows.Client.CBS_cw5n1h2txyewy\LocalState\EBWebView"" --webview-exe-name=SearchHost.exe --webview-exe-version=2126.5604.40.0 --embedded-browser-webview=1 --gpu-preferences=SAAAAAAAAADgAAAEAAAAAAAAAAAAAGAAAQAAAAAAAAAAAAAAAAAAAAIAAAAAAAAAAAAAAAAAAAAQAAAAAAAAABAAAAAAAAAACAAAAAAAAAAIAAAAAAAAAA== --startup-read-main-dll --metrics-shmem-handle=1588,i,12517379209922014218,12120347109072022641,262144 --field-trial-handle=2008,i,12471635176619122845,2129962009833074279,262144 --enable-features=msEdgeFluentOverlayScrollbar --disable-features=msSmartScreenProtection --variations-seed-version --pseudonymization-salt-handle=2012,i,4555349279080499275,6331284381083430597,4 --trace-process-track-uuid=3190708988185955192 --mojo-platform-channel-handle=2000 /prefetch:2 /pfhostedapp:71605ac00f46126b891160bd09c966621e306630"
1848,6,EdgeWebView2 storage utility process launch,,4688,2026-04-18 17:42:31.988188+00:00,pizza,-,C:\Program Files (x86)\Microsoft\EdgeWebView\Application\147.0.3912.72\msedgewebview2.exe,"""C:\Program Files (x86)\Microsoft\EdgeWebView\Application\147.0.3912.72\msedgewebview2.exe"" --type=utility --utility-sub-type=storage.mojom.StorageService --lang=en-US --service-sandbox-type=service --noerrdialogs --user-agent=""Mozilla/5.0 (Windows NT 10.0; Win64; x64; Cortana 1.18.9.23723; 10.0.0.0.26200.8246) AppleWebKit/537.36 (KHTML, like Gecko) Chrome/70.0.3538.102 Safari/537.36 Edge/18.26200 IsWebView2/True (WebView2Version 147.0.3912.72)"" --user-data-dir=""C:\Users\pizza\AppData\Local\Packages\MicrosoftWindows.Client.CBS_cw5n1h2txyewy\LocalState\EBWebView"" --webview-exe-name=SearchHost.exe --webview-exe-version=2126.5604.40.0 --embedded-browser-webview=1 --startup-read-main-dll --metrics-shmem-handle=2168,i,6158631565167582406,14806788864071300959,524288 --field-trial-handle=2008,i,12471635176619122845,2129962009833074279,262144 --enable-features=msEdgeFluentOverlayScrollbar --disable-features=msSmartScreenProtection --variations-seed-version --pseudonymization-salt-handle=2012,i,4555349279080499275,6331284381083430597,4 --trace-process-track-uuid=3190708990060038890 --mojo-platform-channel-handle=3168 /prefetch:13 /pfhostedapp:71605ac00f46126b891160bd09c966621e306630"
1849,7,EdgeWebView2 renderer process with extensive arguments,,4688,2026-04-18 17:42:33.047493+00:00,pizza,-,C:\Program Files (x86)\Microsoft\EdgeWebView\Application\147.0.3912.72\msedgewebview2.exe,"""C:\Program Files (x86)\Microsoft\EdgeWebView\Application\147.0.3912.72\msedgewebview2.exe"" --type=renderer --noerrdialogs --user-agent=""Mozilla/5.0 (Windows NT 10.0; Win64; x64; Cortana 1.18.9.23723; 10.0.0.0.26200.8246) AppleWebKit/537.36 (KHTML, like Gecko) Chrome/70.0.3538.102 Safari/537.36 Edge/18.26200 IsWebView2/True (WebView2Version 147.0.3912.72)"" --user-data-dir=""C:\Users\pizza\AppData\Local\Packages\MicrosoftWindows.Client.CBS_cw5n1h2txyewy\LocalState\EBWebView"" --webview-exe-name=SearchHost.exe --webview-exe-version=2126.5604.40.0 --embedded-browser-webview=1 --video-capture-use-gpu-memory-buffer --lang=en-US --js-flags=--expose-gc --device-scale-factor=1 --num-raster-threads=1 --renderer-client-id=5 --time-ticks-at-unix-epoch=-1776534064128359 --launch-time-ticks=88778266 --ram-no-pressure-read-main-dll --metrics-shmem-handle=3544,i,9040630032039940648,7356354684193970058,2097152 --field-trial-handle=2008,i,12471635176619122845,2129962009833074279,262144 --enable-features=msEdgeFluentOverlayScrollbar --disable-features=msSmartScreenProtection --variations-seed-version --pseudonymization-salt-handle=2012,i,4555349279080499275,6331284381083430597,4 --trace-process-track-uuid=3190708990997080739 --mojo-platform-channel-handle=3564 /pfhostedapp:71605ac00f46126b891160bd09c966621e306630 /prefetch:1"
1897,2,Administrator account enumeration event,,4798,2026-04-18 17:42:45.693037+00:00,DESKTOP-7CV8A7M$,Administrator,,
1898,2,DefaultAccount enumeration event,,4798,2026-04-18 17:42:45.694101+00:00,DESKTOP-7CV8A7M$,DefaultAccount,,
1899,2,Guest account enumeration event,,4798,2026-04-18 17:42:45.694450+00:00,DESKTOP-7CV8A7M$,Guest,,
1900,2,User account enumeration event,,4798,2026-04-18 17:42:45.696146+00:00,DESKTOP-7CV8A7M$,pizza,,
1912,3,User added to Administrators group,,4799,2026-04-18 17:42:46.478798+00:00,pizza,Administrators,,
1998,3,taskhostw.exe with argument variable substitution,,4688,2026-04-18 17:43:29.386425+00:00,DESKTOP-7CV8A7M$,pizza,C:\Windows\System32\svchost.exe,taskhostw.exe $(Arg0)
2029,2,MoUsoCoreWorker from preview packages,,4688,2026-04-18 17:43:43.042387+00:00,DESKTOP-7CV8A7M$,-,C:\Windows\System32\svchost.exe,"""C:\WINDOWS\uus\packages\preview\AMD64\MoUsoCoreWorker.exe"" useprivatenamespaces"
2035,2,Edge UtilWin utility process,,4688,2026-04-18 17:43:44.386358+00:00,pizza,-,C:\Program Files (x86)\Microsoft\Edge\Application\msedge.exe,"""C:\Program Files (x86)\Microsoft\Edge\Application\msedge.exe"" --type=utility --utility-sub-type=chrome.mojom.UtilWin --lang=en-US --service-sandbox-type=none --message-loop-type-ui --skip-read-main-dll --metrics-shmem-handle=8596,i,15236349459482810634,517008905728410877,524288 --field-trial-handle=2284,i,7445214177790019479,381428523748705468,262144 --variations-seed-version --pseudonymization-salt-handle=2288,i,13510415274860347698,11705296152310878110,4 --trace-process-track-uuid=3190708999430457380 --mojo-platform-channel-handle=8592 /prefetch:14"
2036,2,BackgroundTaskHost WebAccountProvider process,,4688,2026-04-18 17:43:45.466566+00:00,DESKTOP-7CV8A7M$,pizza,C:\Windows\System32\svchost.exe,"""C:\WINDOWS\system32\BackgroundTaskHost.exe"" -ServerName:BackgroundTaskHost.WebAccountProvider"
2037,2,RuntimeBroker embedding process launched,,4688,2026-04-18 17:43:45.632526+00:00,DESKTOP-7CV8A7M$,pizza,C:\Windows\System32\svchost.exe,C:\Windows\System32\RuntimeBroker.exe -Embedding
2040,3,usoclient with suspicious parameter TBhuTisziESnLIkw.4,,4688,2026-04-18 17:43:46.907272+00:00,DESKTOP-7CV8A7M$,-,C:\Windows\UUS\Packages\Preview\amd64\MoUsoCoreWorker.exe,"""C:\Windows\System32\usoclient.exe"" StartStoreBizCritUpdates TBhuTisziESnLIkw.4"
2058,4,Group membership change to Administrators,,4799,2026-04-18 17:43:57.519337+00:00,DESKTOP-7CV8A7M$,Administrators,,
2062,2,rundll32 with AppXDeploymentExtensions,,4688,2026-04-18 17:44:01.933538+00:00,DESKTOP-7CV8A7M$,pizza,C:\Windows\System32\svchost.exe,"C:\WINDOWS\system32\rundll32.exe C:\WINDOWS\system32\AppXDeploymentExtensions.OneCore.dll,ShellRefresh"
2072,4,Group membership change to Administrators,,4799,2026-04-18 17:44:09.092163+00:00,DESKTOP-7CV8A7M$,Administrators,,
2081,2,wermgr upload spawned by svchost,,4688,2026-04-18 17:44:14.513222+00:00,DESKTOP-7CV8A7M$,-,C:\Windows\System32\svchost.exe,"""C:\WINDOWS\system32\wermgr.exe"" -upload"
2170,3,Suspicious quit info parameter from svchost,,4688,2026-04-18 17:46:51.500862+00:00,DESKTOP-7CV8A7M$,-,C:\Windows\System32\svchost.exe,/QuitInfo:0000000000000314;00000000000002E0; 
2176,8,Explicit credential use with email account,C:\Windows\System32\svchost.exe,4648,2026-04-18 17:46:54.200209+00:00,DESKTOP-7CV8A7M$,pizzahuthacker@gmail.com,,
2177,9,Logon with suspicious email account,C:\Windows\System32\svchost.exe,4624,2026-04-18 17:46:54.200230+00:00,DESKTOP-7CV8A7M$,pizzahuthacker@gmail.com,,
2178,9,Logoff with suspicious email account,,4627,2026-04-18 17:46:54.200239+00:00,DESKTOP-7CV8A7M$,pizzahuthacker@gmail.com,,
2179,9,Logon with suspicious email account,C:\Windows\System32\svchost.exe,4624,2026-04-18 17:46:54.200253+00:00,DESKTOP-7CV8A7M$,pizzahuthacker@gmail.com,,
2191,13,lsass logon suspicious email pizzahuthacker,C:\Windows\System32\lsass.exe,4648,2026-04-18 17:47:00.719141+00:00,DESKTOP-7CV8A7M$,pizzahuthacker@gmail.com,,
2265,3,Administrator account enumeration event,,4798,2026-04-18 17:47:45.560854+00:00,DESKTOP-7CV8A7M$,Administrator,,
2266,3,DefaultAccount enumeration event,,4798,2026-04-18 17:47:45.702753+00:00,DESKTOP-7CV8A7M$,DefaultAccount,,
2268,3,Guest account enumeration event,,4798,2026-04-18 17:47:48.547865+00:00,DESKTOP-7CV8A7M$,Guest,,
2273,3,Pizza user account enumeration event,,4798,2026-04-18 17:47:53.602303+00:00,DESKTOP-7CV8A7M$,pizza,,
2297,4,Pizza user added to Administrators group,,4799,2026-04-18 17:48:30.112764+00:00,pizza,Administrators,,
2339,7,PowerShell spawned from explorer by pizza user,,4688,2026-04-18 17:49:30.237648+00:00,pizza,-,C:\Windows\explorer.exe,"""C:\Windows\System32\WindowsPowerShell\v1.0\powershell.exe"" "
2386,12,Explicit credential use with suspicious email account,C:\Windows\System32\svchost.exe,4648,2026-04-18 17:51:10.449900+00:00,DESKTOP-7CV8A7M$,pizzahuthacker@gmail.com,,
2387,12,Login with suspicious email account pizzahuthacker,C:\Windows\System32\svchost.exe,4624,2026-04-18 17:51:10.449923+00:00,DESKTOP-7CV8A7M$,pizzahuthacker@gmail.com,,
2388,12,Session logon with suspicious email account,,4627,2026-04-18 17:51:10.449934+00:00,DESKTOP-7CV8A7M$,pizzahuthacker@gmail.com,,
2389,12,Login with suspicious email account pizzahuthacker,C:\Windows\System32\svchost.exe,4624,2026-04-18 17:51:10.449947+00:00,DESKTOP-7CV8A7M$,pizzahuthacker@gmail.com,,
2390,13,Suspicious email account privilege use,,4627,2026-04-18 17:51:10.449955+00:00,DESKTOP-7CV8A7M$,pizzahuthacker@gmail.com,,
2454,7,wevtutil spawning conhost with ForceV1 flag,,4688,2026-04-18 17:52:19.879122+00:00,DESKTOP-7CV8A7M$,-,C:\Windows\System32\wevtutil.exe,\??\C:\WINDOWS\system32\conhost.exe 0xffffffff -ForceV1
2457,7,wevtutil spawning conhost with ForceV1 flag,,4688,2026-04-18 17:52:20.127880+00:00,DESKTOP-7CV8A7M$,-,C:\Windows\System32\wevtutil.exe,\??\C:\WINDOWS\system32\conhost.exe 0xffffffff -ForceV1
2464,7,wevtutil spawning conhost with ForceV1 flag,,4688,2026-04-18 17:52:22.173235+00:00,DESKTOP-7CV8A7M$,-,C:\Windows\System32\wevtutil.exe,\??\C:\WINDOWS\system32\conhost.exe 0xffffffff -ForceV1
2469,7,wevtutil spawning conhost with ForceV1 flag,,4688,2026-04-18 17:52:23.502754+00:00,DESKTOP-7CV8A7M$,-,C:\Windows\System32\wevtutil.exe,\??\C:\WINDOWS\system32\conhost.exe 0xffffffff -ForceV1
2506,8,Windows Defender killing WmiPrvSE process,,4688,2026-04-18 17:52:29.176420+00:00,DESKTOP-7CV8A7M$,-,C:\Program Files\Windows Defender\MsMpEng.exe,"C:\WINDOWS\system32\taskkill.exe /f /FI ""MODULES eq protectionmanagement.dll"" /IM WmiPrvSE.exe"
2532,3,Defender uninstalling event log manifest,,4688,2026-04-18 17:52:34.998388+00:00,DESKTOP-7CV8A7M$,-,C:\ProgramData\Microsoft\Windows Defender\Platform\4.18.26030.3011-0\MsMpEng.exe,"C:\WINDOWS\system32\wevtutil.exe uninstall-manifest ""C:\ProgramData\Microsoft\Windows Defender\Platform\4.18.26030.3011-0\Microsoft-Antimalware-AMFilter.man"""
2535,3,Defender installing event log manifest,,4688,2026-04-18 17:52:41.873041+00:00,DESKTOP-7CV8A7M$,-,C:\ProgramData\Microsoft\Windows Defender\Platform\4.18.26030.3011-0\MsMpEng.exe,"C:\WINDOWS\system32\wevtutil.exe install-manifest ""C:\ProgramData\Microsoft\Windows Defender\Platform\4.18.26030.3011-0\Microsoft-Antimalware-AMFilter.man"" ""/resourceFilePath:C:\ProgramData\Microsoft\Windows Defender\Platform\4.18.26030.3011-0\Drivers\WdFilter.sys"" ""/messageFilePath:C:\ProgramData\Microsoft\Windows Defender\Platform\4.18.26030.3011-0\Drivers\WdFilter.sys"" ""/parameterFilePath:C:\ProgramData\Microsoft\Windows Defender\Platform\4.18.26030.3011-0\Drivers\WdFilter.sys"""
2540,3,Defender uninstalling event log manifest,,4688,2026-04-18 17:52:42.154470+00:00,DESKTOP-7CV8A7M$,-,C:\ProgramData\Microsoft\Windows Defender\Platform\4.18.26030.3011-0\MsMpEng.exe,"C:\WINDOWS\system32\wevtutil.exe uninstall-manifest ""C:\ProgramData\Microsoft\Windows Defender\Platform\4.18.26030.3011-0\Microsoft-Windows-Windows Defender.man"""
2545,3,Defender installing event log manifest,,4688,2026-04-18 17:52:44.033424+00:00,DESKTOP-7CV8A7M$,-,C:\ProgramData\Microsoft\Windows Defender\Platform\4.18.26030.3011-0\MsMpEng.exe,"C:\WINDOWS\system32\wevtutil.exe install-manifest ""C:\ProgramData\Microsoft\Windows Defender\Platform\4.18.26030.3011-0\Microsoft-Windows-Windows Defender.man"" ""/resourceFilePath:C:\ProgramData\Microsoft\Windows Defender\Platform\4.18.26030.3011-0\MpEvMsg.dll"" ""/messageFilePath:C:\ProgramData\Microsoft\Windows Defender\Platform\4.18.26030.3011-0\MpEvMsg.dll"" ""/parameterFilePath:C:\ProgramData\Microsoft\Windows Defender\Platform\4.18.26030.3011-0\MpEvMsg.dll"""
2598,4,EdgeWebView unzip utility process creation,,4688,2026-04-18 17:53:09.529898+00:00,pizza,-,C:\Program Files (x86)\Microsoft\EdgeWebView\Application\147.0.3912.72\msedgewebview2.exe,"""C:\Program Files (x86)\Microsoft\EdgeWebView\Application\147.0.3912.72\msedgewebview2.exe"" --type=utility --utility-sub-type=unzip.mojom.Unzipper --lang=en-US --service-sandbox-type=service --noerrdialogs --user-data-dir=""C:\Users\pizza\AppData\Local\Packages\MicrosoftWindows.Client.WebExperience_cw5n1h2txyewy\LocalState\EBWebView"" --webview-exe-name=Widgets.exe --webview-exe-version=526.1202.10.0 --embedded-browser-webview=1 --ram-no-pressure-read-main-dll --metrics-shmem-handle=5640,i,13672060420895805414,3797945477010434260,524288 --field-trial-handle=2300,i,10706798012665439973,12766236101246685693,262144 --variations-seed-version --pseudonymization-salt-handle=2304,i,17531207128205184664,7286160132764076105,4 --trace-process-track-uuid=3190708994745248135 --mojo-platform-channel-handle=5568 /prefetch:14 /pfhostedapp:a8eda00653c581dfd3dbafe4c7afd6e7acade90e"
2627,2,rundll32.exe with EDGEHTML.dll for Windows Alarms,,4688,2026-04-18 17:53:24.345009+00:00,DESKTOP-7CV8A7M$,pizza,C:\Windows\System32\svchost.exe,"""C:\WINDOWS\system32\rundll32.exe"" ""C:\WINDOWS\SYSTEM32\EDGEHTML.dll"",#141 Microsoft.WindowsAlarms_8wekyb3d8bbwe"
2634,2,rundll32.exe with AppXDeploymentExtensions for shell refresh,,4688,2026-04-18 17:53:25.772022+00:00,DESKTOP-7CV8A7M$,pizza,C:\Windows\System32\svchost.exe,"C:\WINDOWS\system32\rundll32.exe C:\WINDOWS\system32\AppXDeploymentExtensions.OneCore.dll,ShellRefresh"
2636,2,msedge.exe asset store utility with complex parameters,,4688,2026-04-18 17:53:35.355444+00:00,pizza,-,C:\Program Files (x86)\Microsoft\Edge\Application\msedge.exe,"""C:\Program Files (x86)\Microsoft\Edge\Application\msedge.exe"" --type=utility --utility-sub-type=asset_store.mojom.AssetStoreService --lang=en-US --service-sandbox-type=asset_store_service --ram-no-pressure-read-main-dll --metrics-shmem-handle=5440,i,5361379491319712189,16359607376956643075,524288 --field-trial-handle=2284,i,7445214177790019479,381428523748705468,262144 --variations-seed-version --pseudonymization-salt-handle=2288,i,13510415274860347698,11705296152310878110,4 --trace-process-track-uuid=3190709017234252511 --mojo-platform-channel-handle=6444 /prefetch:14"
2640,2,msedge.exe unzip utility with complex service parameters,,4688,2026-04-18 17:53:40.508410+00:00,pizza,-,C:\Program Files (x86)\Microsoft\Edge\Application\msedge.exe,"""C:\Program Files (x86)\Microsoft\Edge\Application\msedge.exe"" --type=utility --utility-sub-type=unzip.mojom.Unzipper --lang=en-US --service-sandbox-type=service --skip-read-main-dll --metrics-shmem-handle=8588,i,11416207930888060886,5531088175491623881,524288 --field-trial-handle=2284,i,7445214177790019479,381428523748705468,262144 --variations-seed-version --pseudonymization-salt-handle=2288,i,13510415274860347698,11705296152310878110,4 --trace-process-track-uuid=3190709018171294360 --mojo-platform-channel-handle=8020 /prefetch:14"
2693,6,Command prompt spawned by explorer from pizza user,,4688,2026-04-18 17:56:16.278070+00:00,pizza,-,C:\Windows\explorer.exe,"""C:\WINDOWS\system32\cmd.exe"" "
2719,5,Pizza user enumerated Administrator account,,4798,2026-04-18 17:57:21.109451+00:00,pizza,Administrator,,
2734,5,OpenConsole spawned by Terminal with headless mode,,4688,2026-04-18 17:57:42.460518+00:00,pizza,-,C:\Program Files\WindowsApps\Microsoft.WindowsTerminal_1.18.10301.0_x64__8wekyb3d8bbwe\WindowsTerminal.exe,"""C:\Program Files\WindowsApps\Microsoft.WindowsTerminal_1.18.10301.0_x64__8wekyb3d8bbwe\OpenConsole.exe"" --headless --resizeQuirk --width 110 --height 30 --signal 0x9f0 --server 0x9e8"
2735,7,PowerShell spawned by Terminal from pizza user,,4688,2026-04-18 17:57:42.468782+00:00,pizza,-,C:\Program Files\WindowsApps\Microsoft.WindowsTerminal_1.18.10301.0_x64__8wekyb3d8bbwe\WindowsTerminal.exe,C:\WINDOWS\System32\WindowsPowerShell\v1.0\powershell.exe
2737,7,Ipconfig executed via PowerShell from pizza,,4688,2026-04-18 17:57:59.329515+00:00,pizza,-,C:\Windows\System32\WindowsPowerShell\v1.0\powershell.exe,"""C:\WINDOWS\system32\ipconfig.exe"""
2747,5,SearchProtocolHost with complex pipe and registry parameters,,4688,2026-04-18 17:58:28.008574+00:00,DESKTOP-7CV8A7M$,pizza,C:\Windows\System32\SearchIndexer.exe,"""C:\WINDOWS\System32\SearchProtocolHost.exe"" Global\UsGthrFltPipeMssGthrPipe_S-1-5-21-1980105709-2548930214-1157036425-10019_ Global\UsGthrCtrlFltPipeMssGthrPipe_S-1-5-21-1980105709-2548930214-1157036425-10019 1 -2147483646 ""Software\Microsoft\Windows Search"" ""Mozilla/4.0 (compatible; MSIE 6.0; Windows NT; MS Search 4.0 Robot)"" ""C:\ProgramData\Microsoft\Search\Data\Temp\usgthrsvc"" ""DownLevelDaemon""  ""1"""
2750,7,User pizza added to Administrators group,,4799,2026-04-18 17:58:31.118019+00:00,pizza,Administrators,,
2760,6,Computer account added to Administrators group,,4799,2026-04-18 17:59:34.300352+00:00,DESKTOP-7CV8A7M$,Administrators,,
2793,5,SearchProtocolHost with complex pipe and registry parameters,,4688,2026-04-18 18:00:52.799028+00:00,DESKTOP-7CV8A7M$,-,C:\Windows\System32\SearchIndexer.exe,"""C:\WINDOWS\System32\SearchProtocolHost.exe"" Global\UsGthrFltPipeMssGthrPipe10_ Global\UsGthrCtrlFltPipeMssGthrPipe10 1 -2147483646 ""Software\Microsoft\Windows Search"" ""Mozilla/4.0 (compatible; MSIE 6.0; Windows NT; MS Search 4.0 Robot)"" ""C:\ProgramData\Microsoft\Search\Data\Temp\usgthrsvc"" ""DownLevelDaemon"" "
2857,10,Explicit credential use with suspicious email,C:\Windows\System32\svchost.exe,4648,2026-04-18 18:03:45.676249+00:00,DESKTOP-7CV8A7M$,pizzahuthacker@gmail.com,,
2858,10,Logon with suspicious email account,C:\Windows\System32\svchost.exe,4624,2026-04-18 18:03:45.676270+00:00,DESKTOP-7CV8A7M$,pizzahuthacker@gmail.com,,
2862,10,Special privileges for suspicious email account,,4672,2026-04-18 18:03:45.676376+00:00,pizzahuthacker@gmail.com,,,
2870,10,Explicit credential use with suspicious email,C:\Windows\System32\lsass.exe,4648,2026-04-18 18:03:46.783384+00:00,DESKTOP-7CV8A7M$,pizzahuthacker@gmail.com,,
2871,10,Logon with suspicious email account,C:\Windows\System32\lsass.exe,4624,2026-04-18 18:03:46.783409+00:00,DESKTOP-7CV8A7M$,pizzahuthacker@gmail.com,,
2872,12,Missing process name with suspicious email logon,,4627,2026-04-18 18:03:46.783421+00:00,DESKTOP-7CV8A7M$,pizzahuthacker@gmail.com,,
2873,13,lsass.exe logon with suspicious email account,C:\Windows\System32\lsass.exe,4624,2026-04-18 18:03:46.783436+00:00,DESKTOP-7CV8A7M$,pizzahuthacker@gmail.com,,
2874,12,Missing process with suspicious email logon event,,4627,2026-04-18 18:03:46.783445+00:00,DESKTOP-7CV8A7M$,pizzahuthacker@gmail.com,,
2943,5,Anonymous logon to SYSTEM account detected,,4627,2026-04-18 18:09:17.260668+00:00,ANONYMOUS LOGON,SYSTEM,,
2973,2,LogonUI.exe spawned from winlogon,,4688,2026-04-18 18:09:18.192080+00:00,DESKTOP-7CV8A7M$,-,C:\Windows\System32\winlogon.exe,"""LogonUI.exe"" /flags:0x2 /state0:0xa3bd4055 /state1:0x41c64e6d"
3012,3,Upfc.exe with boot launchtype parameter,,4688,2026-04-18 18:09:19.471022+00:00,DESKTOP-7CV8A7M$,-,C:\Windows\System32\services.exe,C:\WINDOWS\System32\Upfc.exe /launchtype boot /cv C4zdE0pQ+0OUTSBJ26rq0A.0
3014,3,taskhostw.exe spawned from svchost,,4688,2026-04-18 18:09:19.592144+00:00,DESKTOP-7CV8A7M$,-,C:\Windows\System32\svchost.exe,taskhostw.exe ExploitGuardPolicy
3015,8,Upfc.exe process termination after suspicious launch,C:\Windows\System32\upfc.exe,4689,2026-04-18 18:09:19.600771+00:00,DESKTOP-7CV8A7M$,,,
3017,3,dxgiadaptercache.exe spawned from svchost,,4688,2026-04-18 18:09:19.689064+00:00,DESKTOP-7CV8A7M$,-,C:\Windows\System32\svchost.exe,"""C:\WINDOWS\system32\dxgiadaptercache.exe"""
3034,3,Group membership change to Administrators group,,4799,2026-04-18 18:09:20.351498+00:00,DESKTOP-7CV8A7M$,Administrators,,
3041,4,User account pizza added to group membership,,4798,2026-04-18 18:09:21.202679+00:00,DESKTOP-7CV8A7M$,pizza,,
3061,6,ClipRenew.exe suspicious clipboard utility execution,,4688,2026-04-18 18:09:21.978455+00:00,DESKTOP-7CV8A7M$,-,C:\Windows\System32\svchost.exe,"""C:\WINDOWS\system32\ClipRenew.exe"" -e"
3109,3,Defender uninstalling event log manifest,,4688,2026-04-18 18:09:26.279978+00:00,DESKTOP-7CV8A7M$,-,C:\ProgramData\Microsoft\Windows Defender\Platform\4.18.26030.3011-0\MsMpEng.exe,"C:\WINDOWS\system32\wevtutil.exe uninstall-manifest ""C:\ProgramData\Microsoft\Windows Defender\Platform\4.18.26030.3011-0\Microsoft-Antimalware-AMFilter.man"""
3112,3,Defender installing event log manifest,,4688,2026-04-18 18:09:26.797789+00:00,DESKTOP-7CV8A7M$,-,C:\ProgramData\Microsoft\Windows Defender\Platform\4.18.26030.3011-0\MsMpEng.exe,"C:\WINDOWS\system32\wevtutil.exe install-manifest ""C:\ProgramData\Microsoft\Windows Defender\Platform\4.18.26030.3011-0\Microsoft-Antimalware-AMFilter.man"" ""/resourceFilePath:C:\ProgramData\Microsoft\Windows Defender\Platform\4.18.26030.3011-0\Drivers\WdFilter.sys"" ""/messageFilePath:C:\ProgramData\Microsoft\Windows Defender\Platform\4.18.26030.3011-0\Drivers\WdFilter.sys"" ""/parameterFilePath:C:\ProgramData\Microsoft\Windows Defender\Platform\4.18.26030.3011-0\Drivers\WdFilter.sys"""
3118,3,Defender uninstalling event log manifest,,4688,2026-04-18 18:09:27.085909+00:00,DESKTOP-7CV8A7M$,-,C:\ProgramData\Microsoft\Windows Defender\Platform\4.18.26030.3011-0\MsMpEng.exe,"C:\WINDOWS\system32\wevtutil.exe uninstall-manifest ""C:\ProgramData\Microsoft\Windows Defender\Platform\4.18.26030.3011-0\Microsoft-Windows-Windows Defender.man"""
3121,3,Defender installing event log manifest,,4688,2026-04-18 18:09:27.660898+00:00,DESKTOP-7CV8A7M$,-,C:\ProgramData\Microsoft\Windows Defender\Platform\4.18.26030.3011-0\MsMpEng.exe,"C:\WINDOWS\system32\wevtutil.exe install-manifest ""C:\ProgramData\Microsoft\Windows Defender\Platform\4.18.26030.3011-0\Microsoft-Windows-Windows Defender.man"" ""/resourceFilePath:C:\ProgramData\Microsoft\Windows Defender\Platform\4.18.26030.3011-0\MpEvMsg.dll"" ""/messageFilePath:C:\ProgramData\Microsoft\Windows Defender\Platform\4.18.26030.3011-0\MpEvMsg.dll"" ""/parameterFilePath:C:\ProgramData\Microsoft\Windows Defender\Platform\4.18.26030.3011-0\MpEvMsg.dll"""
3148,11,Wazuh agent executing security policy query,,4688,2026-04-18 18:09:29.007011+00:00,DESKTOP-7CV8A7M$,-,C:\Program Files (x86)\ossec-agent\wazuh-agent.exe,"powershell secedit /export /cfg $env:TEMP\secpol.cfg; Get-Content $env:TEMP\secpol.cfg | Select-String ""PasswordHistorySize""; Remove-Item $env:TEMP\secpol.cfg"
3150,7,Windows Defender uninstalling event log manifest,,4688,2026-04-18 18:09:29.101974+00:00,DESKTOP-7CV8A7M$,-,C:\ProgramData\Microsoft\Windows Defender\Platform\4.18.26030.3011-0\MsMpEng.exe,"C:\WINDOWS\system32\wevtutil.exe uninstall-manifest ""C:\ProgramData\Microsoft\Windows Defender\Platform\4.18.26030.3011-0\Microsoft-Antimalware-Protection.man"""
3154,7,Windows Defender installing event log manifest,,4688,2026-04-18 18:09:29.226585+00:00,DESKTOP-7CV8A7M$,-,C:\ProgramData\Microsoft\Windows Defender\Platform\4.18.26030.3011-0\MsMpEng.exe,"C:\WINDOWS\system32\wevtutil.exe install-manifest ""C:\ProgramData\Microsoft\Windows Defender\Platform\4.18.26030.3011-0\Microsoft-Antimalware-Protection.man"" ""/resourceFilePath:C:\ProgramData\Microsoft\Windows Defender\Platform\4.18.26030.3011-0\MpClient.dll"" ""/messageFilePath:C:\ProgramData\Microsoft\Windows Defender\Platform\4.18.26030.3011-0\MpClient.dll"" ""/parameterFilePath:C:\ProgramData\Microsoft\Windows Defender\Platform\4.18.26030.3011-0\MpClient.dll"""
3190,3,Console host spawned from PowerShell,,4688,2026-04-18 18:09:33.812092+00:00,DESKTOP-7CV8A7M$,-,C:\Windows\SysWOW64\WindowsPowerShell\v1.0\powershell.exe,\??\C:\WINDOWS\system32\conhost.exe 0xffffffff -ForceV1
3216,3,SLUI activation triggered by SppExtComObj,,4688,2026-04-18 18:09:39.535868+00:00,DESKTOP-7CV8A7M$,-,C:\Windows\System32\SppExtComObj.Exe,"""C:\WINDOWS\System32\SLUI.exe"" RuleId=31e71c49-8da7-4a2f-ad92-45d98a1c79ba;Action=AutoActivate;AppId=55c92734-d682-4d71-983e-d6ec3f16059f;SkuId=2b1f36bb-c1cd-4306-bf5c-a0367c2d97d8;NotificationInterval=1440;Trigger=NetworkAvailable"
3229,9,SecEdit security policy export from PowerShell,,4688,2026-04-18 18:09:41.515131+00:00,DESKTOP-7CV8A7M$,-,C:\Windows\SysWOW64\WindowsPowerShell\v1.0\powershell.exe,"""C:\WINDOWS\system32\SecEdit.exe"" /export /cfg C:\WINDOWS\TEMP\secpol.cfg"
3233,12,Wazuh agent executing security policy enumeration,,4688,2026-04-18 18:09:42.919954+00:00,DESKTOP-7CV8A7M$,-,C:\Program Files (x86)\ossec-agent\wazuh-agent.exe,"powershell secedit /export /cfg $env:TEMP\secpol.cfg; Get-Content $env:TEMP\secpol.cfg | Select-String ""MaximumPasswordAge""; Remove-Item $env:TEMP\secpol.cfg"
3238,12,Wazuh agent executing security policy enumeration,,4688,2026-04-18 18:09:44.783981+00:00,DESKTOP-7CV8A7M$,-,C:\Program Files (x86)\ossec-agent\wazuh-agent.exe,"powershell secedit /export /cfg $env:TEMP\secpol.cfg; Get-Content $env:TEMP\secpol.cfg | Select-String ""MaximumPasswordAge""; Remove-Item $env:TEMP\secpol.cfg"
3245,12,Wazuh agent executing security policy enumeration,,4688,2026-04-18 18:09:46.411270+00:00,DESKTOP-7CV8A7M$,-,C:\Program Files (x86)\ossec-agent\wazuh-agent.exe,"powershell secedit /export /cfg $env:TEMP\secpol.cfg; Get-Content $env:TEMP\secpol.cfg | Select-String ""MinimumPasswordAge""; Remove-Item $env:TEMP\secpol.cfg"
3251,12,Wazuh agent executing security policy enumeration,,4688,2026-04-18 18:09:47.895782+00:00,DESKTOP-7CV8A7M$,-,C:\Program Files (x86)\ossec-agent\wazuh-agent.exe,"powershell secedit /export /cfg $env:TEMP\secpol.cfg; Get-Content $env:TEMP\secpol.cfg | Select-String ""MinimumPasswordLength""; Remove-Item $env:TEMP\secpol.cfg"
3257,12,Wazuh agent executing security policy enumeration,,4688,2026-04-18 18:09:49.402775+00:00,DESKTOP-7CV8A7M$,-,C:\Program Files (x86)\ossec-agent\wazuh-agent.exe,"powershell secedit /export /cfg $env:TEMP\secpol.cfg; Get-Content $env:TEMP\secpol.cfg | Select-String ""LockoutDuration""; Remove-Item $env:TEMP\secpol.cfg"
3351,9,Wazuh agent querying audit policy logon logoff events,,4688,2026-04-18 18:09:58.165115+00:00,DESKTOP-7CV8A7M$,-,C:\Program Files (x86)\ossec-agent\wazuh-agent.exe,"auditpol.exe /get /subcategory:""Other Logon/Logoff Events"""
3355,9,Wazuh agent querying audit policy special logon,,4688,2026-04-18 18:09:58.200283+00:00,DESKTOP-7CV8A7M$,-,C:\Program Files (x86)\ossec-agent\wazuh-agent.exe,"auditpol.exe /get /subcategory:""Special Logon"""
3359,9,Wazuh agent querying audit policy detailed file share,,4688,2026-04-18 18:09:58.236267+00:00,DESKTOP-7CV8A7M$,-,C:\Program Files (x86)\ossec-agent\wazuh-agent.exe,"auditpol.exe /get /subcategory:""Detailed File Share"""
3363,9,Wazuh agent querying audit policy file share events,,4688,2026-04-18 18:09:58.271154+00:00,DESKTOP-7CV8A7M$,-,C:\Program Files (x86)\ossec-agent\wazuh-agent.exe,"auditpol.exe /get /subcategory:""File Share"""
3367,9,Wazuh agent querying audit policy object access events,,4688,2026-04-18 18:09:58.306971+00:00,DESKTOP-7CV8A7M$,-,C:\Program Files (x86)\ossec-agent\wazuh-agent.exe,"auditpol.exe /get /subcategory:""Other Object Access Events"""
3377,11,Suspicious email account logon attempt via svchost,C:\Windows\System32\svchost.exe,4648,2026-04-18 18:09:58.465302+00:00,DESKTOP-7CV8A7M$,pizzahuthacker@gmail.com,,
3378,11,Suspicious email account logon via svchost process,C:\Windows\System32\svchost.exe,4624,2026-04-18 18:09:58.465324+00:00,DESKTOP-7CV8A7M$,pizzahuthacker@gmail.com,,
3379,11,Suspicious email account group membership assignment,,4627,2026-04-18 18:09:58.465338+00:00,DESKTOP-7CV8A7M$,pizzahuthacker@gmail.com,,
3382,12,Suspicious email account granted special privileges,,4672,2026-04-18 18:09:58.465399+00:00,pizzahuthacker@gmail.com,,,
3391,12,Suspicious email account granted special privileges,,4672,2026-04-18 18:09:58.523842+00:00,pizzahuthacker@gmail.com,,,
3443,3,EdgeWebView2 launched from SearchHost with complex arguments,,4688,2026-04-18 18:10:07.466558+00:00,pizza,-,C:\Windows\SystemApps\MicrosoftWindows.Client.CBS_cw5n1h2txyewy\SearchHost.exe,"""C:\Program Files (x86)\Microsoft\EdgeWebView\Application\147.0.3912.72\msedgewebview2.exe"" --embedded-browser-webview=1 --webview-exe-name=SearchHost.exe --webview-exe-version=2126.5604.40.0 --user-data-dir=""C:\Users\pizza\AppData\Local\Packages\MicrosoftWindows.Client.CBS_cw5n1h2txyewy\LocalState\EBWebView"" --noerrdialogs --disable-features=msSmartScreenProtection --edge-webview-enable-mojo-ipcz --enable-features=msEdgeFluentOverlayScrollbar --user-agent=""Mozilla/5.0 (Windows NT 10.0; Win64; x64; Cortana 1.18.9.23723; 10.0.0.0.26200.8246) AppleWebKit/537.36 (KHTML, like Gecko) Chrome/70.0.3538.102 Safari/537.36 Edge/18.26200 IsWebView2/True (WebView2Version 147.0.3912.72)"" --lang=en-US --mojo-named-platform-channel-pipe=5552.5972.11538491487594025813 /pfhostedapp:71605ac00f46126b891160bd09c966621e306630"
3479,2,Auditpol.exe process termination detected,C:\Windows\SysWOW64\auditpol.exe,4689,2026-04-18 18:10:15.082222+00:00,DESKTOP-7CV8A7M$,,,
3480,5,Wazuh agent executing auditpol policy query,,4688,2026-04-18 18:10:15.122654+00:00,DESKTOP-7CV8A7M$,-,C:\Program Files (x86)\ossec-agent\wazuh-agent.exe,"auditpol.exe /get /subcategory:""Audit Policy Change"""
3483,3,Suspicious QuitInfo parameter in command line,,4688,2026-04-18 18:10:15.287159+00:00,DESKTOP-7CV8A7M$,pizza,C:\Windows\System32\svchost.exe,/QuitInfo:0000000000000328;000000000000032C; 
3507,4,SLUI.exe with auto-activation licensing parameters,,4688,2026-04-18 18:10:18.436926+00:00,DESKTOP-7CV8A7M$,-,C:\Windows\System32\SppExtComObj.Exe,"""C:\WINDOWS\System32\SLUI.exe"" RuleId=31e71c49-8da7-4a2f-ad92-45d98a1c79ba;Action=AutoActivate;AppId=55c92734-d682-4d71-983e-d6ec3f16059f;SkuId=2b1f36bb-c1cd-4306-bf5c-a0367c2d97d8;NotificationInterval=1440;Trigger=UserLogon;SessionId=1"
3528,6,Wazuh agent executing auditpol authentication policy query,,4688,2026-04-18 18:10:21.207275+00:00,DESKTOP-7CV8A7M$,-,C:\Program Files (x86)\ossec-agent\wazuh-agent.exe,"auditpol.exe /get /subcategory:""Authentication Policy Change"""
3532,6,Wazuh agent executing auditpol authorization policy query,,4688,2026-04-18 18:10:21.282509+00:00,DESKTOP-7CV8A7M$,-,C:\Program Files (x86)\ossec-agent\wazuh-agent.exe,"auditpol.exe /get /subcategory:""Authorization Policy Change"""
3536,6,Wazuh agent executing auditpol firewall rule policy query,,4688,2026-04-18 18:10:21.330265+00:00,DESKTOP-7CV8A7M$,-,C:\Program Files (x86)\ossec-agent\wazuh-agent.exe,"auditpol.exe /get /subcategory:""MPSSVC Rule-Level Policy Change"""
3540,6,Wazuh agent executing auditpol other policy change query,,4688,2026-04-18 18:10:21.375982+00:00,DESKTOP-7CV8A7M$,-,C:\Program Files (x86)\ossec-agent\wazuh-agent.exe,"auditpol.exe /get /subcategory:""Other Policy Change Events"""
3568,7,Non-admin user added to Administrators group,,4799,2026-04-18 18:10:21.741327+00:00,pizza,Administrators,,
3574,3,Group membership enumeration for Administrator account,,4798,2026-04-18 18:10:22.845652+00:00,DESKTOP-7CV8A7M$,Administrator,,
3575,3,Group membership enumeration for DefaultAccount,,4798,2026-04-18 18:10:22.846485+00:00,DESKTOP-7CV8A7M$,DefaultAccount,,
3576,3,Group membership enumeration for Guest account,,4798,2026-04-18 18:10:22.846844+00:00,DESKTOP-7CV8A7M$,Guest,,
3577,3,Group membership enumeration for pizza user,,4798,2026-04-18 18:10:22.847261+00:00,DESKTOP-7CV8A7M$,pizza,,
3578,3,Group membership enumeration for Administrator account,,4798,2026-04-18 18:10:22.854822+00:00,DESKTOP-7CV8A7M$,Administrator,,
3660,2,BackgroundTaskHost WebAccountProvider service process,,4688,2026-04-18 18:10:58.488165+00:00,DESKTOP-7CV8A7M$,pizza,C:\Windows\System32\svchost.exe,"""C:\WINDOWS\system32\BackgroundTaskHost.exe"" -ServerName:BackgroundTaskHost.WebAccountProvider"
3663,2,Taskhostw launched with argument substitution,,4688,2026-04-18 18:11:02.231005+00:00,DESKTOP-7CV8A7M$,pizza,C:\Windows\System32\svchost.exe,taskhostw.exe $(Arg0)
3668,2,Conhost launched from policy converter,,4688,2026-04-18 18:11:19.050491+00:00,DESKTOP-7CV8A7M$,-,C:\Windows\System32\appidpolicyconverter.exe,\??\C:\WINDOWS\system32\conhost.exe 0xffffffff -ForceV1
3673,2,BackgroundTaskHost WebAccountProvider service process,,4688,2026-04-18 18:11:19.950068+00:00,DESKTOP-7CV8A7M$,pizza,C:\Windows\System32\svchost.exe,"""C:\WINDOWS\system32\BackgroundTaskHost.exe"" -ServerName:BackgroundTaskHost.WebAccountProvider"
3678,2,RuntimeBroker launched from svchost embedding,,4688,2026-04-18 18:11:24.713911+00:00,DESKTOP-7CV8A7M$,pizza,C:\Windows\System32\svchost.exe,C:\Windows\System32\RuntimeBroker.exe -Embedding
3748,3,WindowsPackageManagerServer running as pizza,,4688,2026-04-18 18:11:45.693859+00:00,DESKTOP-7CV8A7M$,pizza,C:\Windows\System32\svchost.exe,"""C:\Program Files\WindowsApps\Microsoft.DesktopAppInstaller_1.24.25199.0_x64__8wekyb3d8bbwe\WindowsPackageManagerServer.exe"" -Embedding"
3767,4,Edge GPU process with complex parameters,,4688,2026-04-18 18:12:24.588829+00:00,pizza,-,C:\Program Files (x86)\Microsoft\Edge\Application\msedge.exe,"""C:\Program Files (x86)\Microsoft\Edge\Application\msedge.exe"" --type=gpu-process --disable-gpu-sandbox --use-gl=disabled --gpu-vendor-id=5140 --gpu-device-id=140 --gpu-sub-system-id=0 --gpu-revision=0 --gpu-driver-version=10.0.26100.8246 --gpu-preferences=SAAAAAAAAADoAAAEAAAAAAAAAAAAAGAAAQAAAAAAAAAAAAAAAAAAAEIAAAAAAAAAAAAAAAAAAAAQAAAAAAAAABAAAAAAAAAACAAAAAAAAAAIAAAAAAAAAA== --ram-no-pressure-read-main-dll --metrics-shmem-handle=7020,i,17281906735303375000,7979829542438373373,262144 --field-trial-handle=2220,i,8606386374638763007,13847168010778022021,262144 --variations-seed-version --pseudonymization-salt-handle=2224,i,7609250630321697839,8947361098505959950,4 --trace-process-track-uuid=3190709005052708474 --mojo-platform-channel-handle=7456 /prefetch:10"
3770,4,Edge utility process with complex parameters,,4688,2026-04-18 18:12:27.601934+00:00,pizza,-,C:\Program Files (x86)\Microsoft\Edge\Application\msedge.exe,"""C:\Program Files (x86)\Microsoft\Edge\Application\msedge.exe"" --type=utility --utility-sub-type=unzip.mojom.Unzipper --lang=en-US --service-sandbox-type=service --skip-read-main-dll --metrics-shmem-handle=7636,i,10220182911235958044,6283905651613425793,524288 --field-trial-handle=2220,i,8606386374638763007,13847168010778022021,262144 --variations-seed-version --pseudonymization-salt-handle=2224,i,7609250630321697839,8947361098505959950,4 --trace-process-track-uuid=3190709005989750323 --mojo-platform-channel-handle=7704 /prefetch:14"
3777,5,EdgeWebView GPU process with complex parameters,,4688,2026-04-18 18:12:51.497875+00:00,pizza,-,C:\Program Files (x86)\Microsoft\EdgeWebView\Application\147.0.3912.72\msedgewebview2.exe,"""C:\Program Files (x86)\Microsoft\EdgeWebView\Application\147.0.3912.72\msedgewebview2.exe"" --type=gpu-process --disable-gpu-sandbox --use-gl=disabled --gpu-vendor-id=5140 --gpu-device-id=140 --gpu-sub-system-id=0 --gpu-revision=0 --gpu-driver-version=10.0.26100.8246 --noerrdialogs --user-agent=""Mozilla/5.0 (Windows NT 10.0; Win64; x64; Cortana 1.18.9.23723; 10.0.0.0.26200.8246) AppleWebKit/537.36 (KHTML, like Gecko) Chrome/70.0.3538.102 Safari/537.36 Edge/18.26200 IsWebView2/True (WebView2Version 147.0.3912.72)"" --user-data-dir=""C:\Users\pizza\AppData\Local\Packages\MicrosoftWindows.Client.CBS_cw5n1h2txyewy\LocalState\EBWebView"" --webview-exe-name=SearchHost.exe --webview-exe-version=2126.5604.40.0 --embedded-browser-webview=1 --gpu-preferences=SAAAAAAAAADoAAAEAAAAAAAAAAAAAGAAAQAAAAAAAAAAAAAAAAAAAEIAAAAAAAAAAAAAAAAAAAAQAAAAAAAAABAAAAAAAAAACAAAAAAAAAAIAAAAAAAAAA== --ram-no-pressure-read-main-dll --metrics-shmem-handle=324,i,860484199754547666,9678762297661098530,262144 --field-trial-handle=2320,i,2570662319916531344,264932629684980573,262144 --enable-features=msEdgeFluentOverlayScrollbar --disable-features=msSmartScreenProtection --variations-seed-version --pseudonymization-salt-handle=2324,i,2395545991555232209,5423289410133090121,4 --trace-process-track-uuid=3190708991934122588 --mojo-platform-channel-handle=4496 /prefetch:10 /pfhostedapp:71605ac00f46126b891160bd09c966621e306630"
3782,4,Edge utility process with complex parameters,,4688,2026-04-18 18:13:34.221680+00:00,pizza,-,C:\Program Files (x86)\Microsoft\Edge\Application\msedge.exe,"""C:\Program Files (x86)\Microsoft\Edge\Application\msedge.exe"" --type=utility --utility-sub-type=unzip.mojom.Unzipper --lang=en-US --service-sandbox-type=service --ram-no-pressure-read-main-dll --metrics-shmem-handle=3524,i,5769590099925237005,10811237176343149945,524288 --field-trial-handle=2220,i,8606386374638763007,13847168010778022021,262144 --variations-seed-version --pseudonymization-salt-handle=2224,i,7609250630321697839,8947361098505959950,4 --trace-process-track-uuid=3190709006926792172 --mojo-platform-channel-handle=8184 /prefetch:14"
3822,4,EdgeWebView crashpad handler process,,4688,2026-04-18 18:15:08.142378+00:00,pizza,-,C:\Program Files (x86)\Microsoft\EdgeWebView\Application\147.0.3912.72\msedgewebview2.exe,"""C:\Program Files (x86)\Microsoft\EdgeWebView\Application\147.0.3912.72\msedgewebview2.exe"" --type=crashpad-handler --user-data-dir=C:\Users\pizza\AppData\Local\Packages\MicrosoftWindows.Client.WebExperience_cw5n1h2txyewy\LocalState\EBWebView /prefetch:4 /pfhostedapp:a8eda00653c581dfd3dbafe4c7afd6e7acade90e --monitor-self-annotation=ptype=crashpad-handler --database=C:\Users\pizza\AppData\Local\Packages\MicrosoftWindows.Client.WebExperience_cw5n1h2txyewy\LocalState\EBWebView\Crashpad --metrics-dir=C:\Users\pizza\AppData\Local\Packages\MicrosoftWindows.Client.WebExperience_cw5n1h2txyewy\LocalState\EBWebView --annotation=IsOfficialBuild=1 --annotation=channel= --annotation=chromium-version=147.0.7727.102 ""--annotation=exe=C:\Program Files (x86)\Microsoft\EdgeWebView\Application\147.0.3912.72\msedgewebview2.exe"" --annotation=plat=Win64 ""--annotation=prod=Edge WebView2"" --annotation=ver=147.0.3912.72 --initial-client-data=0x170,0x174,0x178,0x14c,0x264,0x7ffc54300d58,0x7ffc54300d64,0x7ffc54300d70"
3826,4,EdgeWebView network service utility process,,4688,2026-04-18 18:15:08.769562+00:00,pizza,-,C:\Program Files (x86)\Microsoft\EdgeWebView\Application\147.0.3912.72\msedgewebview2.exe,"""C:\Program Files (x86)\Microsoft\EdgeWebView\Application\147.0.3912.72\msedgewebview2.exe"" --type=utility --utility-sub-type=network.mojom.NetworkService --lang=en-US --service-sandbox-type=none --noerrdialogs --user-data-dir=""C:\Users\pizza\AppData\Local\Packages\MicrosoftWindows.Client.WebExperience_cw5n1h2txyewy\LocalState\EBWebView"" --webview-exe-name=Widgets.exe --webview-exe-version=526.1202.10.0 --embedded-browser-webview=1 --startup-read-main-dll --metrics-shmem-handle=1664,i,10579938260610805823,12937584470942086463,524288 --field-trial-handle=2184,i,7867773475220497643,15113161362599012955,262144 --variations-seed-version --pseudonymization-salt-handle=2188,i,1245414037120468202,909865288720641458,4 --trace-process-track-uuid=3190708989122997041 --mojo-platform-channel-handle=2460 /prefetch:11 /pfhostedapp:a8eda00653c581dfd3dbafe4c7afd6e7acade90e"
3827,4,EdgeWebView storage service utility process,,4688,2026-04-18 18:15:08.794012+00:00,pizza,-,C:\Program Files (x86)\Microsoft\EdgeWebView\Application\147.0.3912.72\msedgewebview2.exe,"""C:\Program Files (x86)\Microsoft\EdgeWebView\Application\147.0.3912.72\msedgewebview2.exe"" --type=utility --utility-sub-type=storage.mojom.StorageService --lang=en-US --service-sandbox-type=service --noerrdialogs --user-data-dir=""C:\Users\pizza\AppData\Local\Packages\MicrosoftWindows.Client.WebExperience_cw5n1h2txyewy\LocalState\EBWebView"" --webview-exe-name=Widgets.exe --webview-exe-version=526.1202.10.0 --embedded-browser-webview=1 --startup-read-main-dll --metrics-shmem-handle=1912,i,1030506846250413614,14026835159487850193,524288 --field-trial-handle=2184,i,7867773475220497643,15113161362599012955,262144 --variations-seed-version --pseudonymization-salt-handle=2188,i,1245414037120468202,909865288720641458,4 --trace-process-track-uuid=3190708990060038890 --mojo-platform-channel-handle=2468 /prefetch:13 /pfhostedapp:a8eda00653c581dfd3dbafe4c7afd6e7acade90e"
3828,4,EdgeWebView GPU process with encoded parameters,,4688,2026-04-18 18:15:08.810362+00:00,pizza,-,C:\Program Files (x86)\Microsoft\EdgeWebView\Application\147.0.3912.72\msedgewebview2.exe,"""C:\Program Files (x86)\Microsoft\EdgeWebView\Application\147.0.3912.72\msedgewebview2.exe"" --type=gpu-process --noerrdialogs --user-data-dir=""C:\Users\pizza\AppData\Local\Packages\MicrosoftWindows.Client.WebExperience_cw5n1h2txyewy\LocalState\EBWebView"" --webview-exe-name=Widgets.exe --webview-exe-version=526.1202.10.0 --embedded-browser-webview=1 --gpu-preferences=SAAAAAAAAADgAAAEAAAAAAAAAAAAAGAAAQAAAAAAAAAAAAAAAAAAAAIAAAAAAAAAAAAAAAAAAAAQAAAAAAAAABAAAAAAAAAACAAAAAAAAAAIAAAAAAAAAA== --startup-read-main-dll --metrics-shmem-handle=1520,i,11075818356199906947,16896116682879922624,262144 --field-trial-handle=2184,i,7867773475220497643,15113161362599012955,262144 --variations-seed-version --pseudonymization-salt-handle=2188,i,1245414037120468202,909865288720641458,4 --trace-process-track-uuid=3190708988185955192 --mojo-platform-channel-handle=2180 /prefetch:2 /pfhostedapp:a8eda00653c581dfd3dbafe4c7afd6e7acade90e"
3829,4,EdgeWebView renderer process with complex parameters,,4688,2026-04-18 18:15:08.994043+00:00,pizza,-,C:\Program Files (x86)\Microsoft\EdgeWebView\Application\147.0.3912.72\msedgewebview2.exe,"""C:\Program Files (x86)\Microsoft\EdgeWebView\Application\147.0.3912.72\msedgewebview2.exe"" --type=renderer --noerrdialogs --user-data-dir=""C:\Users\pizza\AppData\Local\Packages\MicrosoftWindows.Client.WebExperience_cw5n1h2txyewy\LocalState\EBWebView"" --webview-exe-name=Widgets.exe --webview-exe-version=526.1202.10.0 --embedded-browser-webview=1 --video-capture-use-gpu-memory-buffer --lang=en-US --js-flags=--expose-gc --device-scale-factor=1 --num-raster-threads=1 --renderer-client-id=5 --time-ticks-at-unix-epoch=-1776535750144736 --launch-time-ticks=358794019 --ram-no-pressure-read-main-dll --metrics-shmem-handle=3464,i,4438984294782976393,14617289308977886881,2097152 --field-trial-handle=2184,i,7867773475220497643,15113161362599012955,262144 --variations-seed-version --pseudonymization-salt-handle=2188,i,1245414037120468202,909865288720641458,4 --trace-process-track-uuid=3190708990997080739 --mojo-platform-channel-handle=3480 /pfhostedapp:a8eda00653c581dfd3dbafe4c7afd6e7acade90e /prefetch:1"
